,miRNA_name,gene_name
1,hsa-let-7a-2-3p,hsa-let-7a-2-3p
2,hsa-let-7a-3p,hsa-let-7a-3p
3,hsa-let-7a-5p,hsa-let-7a-5p
4,hsa-let-7b-3p,hsa-let-7b-3p
5,hsa-let-7b-5p,hsa-let-7b-5p
6,hsa-let-7c-3p,hsa-let-7c-3p
7,hsa-let-7c-5p,hsa-let-7c-5p
8,hsa-let-7d-3p,hsa-let-7d-3p
9,hsa-let-7d-5p,hsa-let-7d-5p
10,hsa-let-7e-3p,hsa-let-7e-3p
11,hsa-let-7e-5p,hsa-let-7e-5p
12,hsa-let-7f-1-3p,hsa-let-7f-1-3p
13,hsa-let-7f-2-3p,hsa-let-7f-2-3p
14,hsa-let-7f-5p,hsa-let-7f-5p
15,hsa-let-7g-3p,hsa-let-7g-3p
16,hsa-let-7g-5p,hsa-let-7g-5p
17,hsa-let-7i-3p,hsa-let-7i-3p
18,hsa-let-7i-5p,hsa-let-7i-5p
19,hsa-miR-1-3p,MIR1
20,hsa-miR-1-5p,MIR1
21,hsa-miR-100-3p,MIR100
22,hsa-miR-100-5p,MIR100
23,hsa-miR-101-3p.1,MIR101.1
24,hsa-miR-101-3p.2,MIR101.2
25,hsa-miR-101-5p,MIR101
26,hsa-miR-103a-2-5p,MIR103a-2
27,hsa-miR-103a-3p,MIR103a
28,hsa-miR-103b,MIR103b
29,hsa-miR-105-3p,MIR105
30,hsa-miR-105-5p,MIR105
31,hsa-miR-106a-3p,MIR106a
32,hsa-miR-106a-5p,MIR106a
33,hsa-miR-106b-3p,MIR106b
34,hsa-miR-106b-5p,MIR106b
35,hsa-miR-107,MIR107
36,hsa-miR-10a-3p,MIR10a
37,hsa-miR-10a-5p,MIR10a
38,hsa-miR-10b-3p,MIR10b
39,hsa-miR-10b-5p,MIR10b
40,hsa-miR-1178-3p,MIR1178
41,hsa-miR-1178-5p,MIR1178
42,hsa-miR-1179,MIR1179
43,hsa-miR-1180-3p,MIR1180
44,hsa-miR-1180-5p,MIR1180
45,hsa-miR-1181,MIR1181
46,hsa-miR-1182,MIR1182
47,hsa-miR-1183,MIR1183
48,hsa-miR-1184,MIR1184
49,hsa-miR-1185-1-3p,MIR1185-1
50,hsa-miR-1185-2-3p,MIR1185-2
51,hsa-miR-1185-5p,MIR1185
52,hsa-miR-1193,MIR1193
53,hsa-miR-1197,MIR1197
54,hsa-miR-1199-3p,MIR1199
55,hsa-miR-1199-5p,MIR1199
56,hsa-miR-1200,MIR1200
57,hsa-miR-1202,MIR1202
58,hsa-miR-1203,MIR1203
59,hsa-miR-1204,MIR1204
60,hsa-miR-1205,MIR1205
61,hsa-miR-1206,MIR1206
62,hsa-miR-1207-3p,MIR1207
63,hsa-miR-1207-5p,MIR1207
64,hsa-miR-1208,MIR1208
65,hsa-miR-122-3p,MIR122
66,hsa-miR-122-5p,MIR122
67,hsa-miR-1224-3p,MIR1224
68,hsa-miR-1224-5p,MIR1224
69,hsa-miR-1225-3p,MIR1225
70,hsa-miR-1225-5p,MIR1225
71,hsa-miR-1226-3p,MIR1226
72,hsa-miR-1226-5p,MIR1226
73,hsa-miR-1227-3p,MIR1227
74,hsa-miR-1227-5p,MIR1227
75,hsa-miR-1228-3p,MIR1228
76,hsa-miR-1228-5p,MIR1228
77,hsa-miR-1229-3p,MIR1229
78,hsa-miR-1229-5p,MIR1229
79,hsa-miR-1231,MIR1231
80,hsa-miR-1233-3p,MIR1233
81,hsa-miR-1233-5p,MIR1233
82,hsa-miR-1234-3p,MIR1234
83,hsa-miR-1236-3p,MIR1236
84,hsa-miR-1236-5p,MIR1236
85,hsa-miR-1237-3p,MIR1237
86,hsa-miR-1237-5p,MIR1237
87,hsa-miR-1238-3p,MIR1238
88,hsa-miR-1238-5p,MIR1238
89,hsa-miR-124-3p.1,MIR124.1
90,hsa-miR-124-3p.2,MIR124.2
91,hsa-miR-124-5p,MIR124
92,hsa-miR-1243,MIR1243
93,hsa-miR-1244,MIR1244
94,hsa-miR-1245a,MIR1245a
95,hsa-miR-1245b-3p,MIR1245b
96,hsa-miR-1245b-5p,MIR1245b
97,hsa-miR-1246,MIR1246
98,hsa-miR-1247-3p,MIR1247
99,hsa-miR-1247-5p,MIR1247
100,hsa-miR-1248,MIR1248
101,hsa-miR-1249-3p,MIR1249
102,hsa-miR-1249-5p,MIR1249
103,hsa-miR-1250-3p,MIR1250
104,hsa-miR-1250-5p,MIR1250
105,hsa-miR-1251-3p,MIR1251
106,hsa-miR-1251-5p,MIR1251
107,hsa-miR-1252-3p,MIR1252
108,hsa-miR-1252-5p,MIR1252
109,hsa-miR-1253,MIR1253
110,hsa-miR-1254,MIR1254
111,hsa-miR-1255a,MIR1255a
112,hsa-miR-1255b-2-3p,MIR1255b-2
113,hsa-miR-1255b-5p,MIR1255b
114,hsa-miR-1256,MIR1256
115,hsa-miR-1257,MIR1257
116,hsa-miR-1258,MIR1258
117,hsa-miR-125a-3p,MIR125a
118,hsa-miR-125a-5p,MIR125a
119,hsa-miR-125b-1-3p,MIR125b-1
120,hsa-miR-125b-2-3p,MIR125b-2
121,hsa-miR-125b-5p,MIR125b
122,hsa-miR-126-3p.1,MIR126.1
123,hsa-miR-126-3p.2,MIR126.2
124,hsa-miR-126-5p,MIR126
125,hsa-miR-1260a,MIR1260a
126,hsa-miR-1260b,MIR1260b
127,hsa-miR-1261,MIR1261
128,hsa-miR-1262,MIR1262
129,hsa-miR-1263,MIR1263
130,hsa-miR-1264,MIR1264
131,hsa-miR-1265,MIR1265
132,hsa-miR-1266-3p,MIR1266
133,hsa-miR-1266-5p,MIR1266
134,hsa-miR-1267,MIR1267
135,hsa-miR-1268a,MIR1268a
136,hsa-miR-1268b,MIR1268b
137,hsa-miR-1269a,MIR1269a
138,hsa-miR-1269b,MIR1269b
139,hsa-miR-127-3p,MIR127
140,hsa-miR-127-5p,MIR127
141,hsa-miR-1270,MIR1270
142,hsa-miR-1271-3p,MIR1271
143,hsa-miR-1271-5p,MIR1271
144,hsa-miR-1272,MIR1272
145,hsa-miR-1273a,MIR1273a
146,hsa-miR-1273c,MIR1273c
147,hsa-miR-1273d,MIR1273d
148,hsa-miR-1273e,MIR1273e
149,hsa-miR-1273f,MIR1273f
150,hsa-miR-1273g-3p,MIR1273g
151,hsa-miR-1273g-5p,MIR1273g
152,hsa-miR-1273h-3p,MIR1273h
153,hsa-miR-1273h-5p,MIR1273h
154,hsa-miR-1275,MIR1275
155,hsa-miR-1276,MIR1276
156,hsa-miR-1277-3p,MIR1277
157,hsa-miR-1277-5p,MIR1277
158,hsa-miR-1278,MIR1278
159,hsa-miR-1279,MIR1279
160,hsa-miR-128-1-5p,MIR128-1
161,hsa-miR-128-3p,MIR128
162,hsa-miR-1281,MIR1281
163,hsa-miR-1282,MIR1282
164,hsa-miR-1283,MIR1283
165,hsa-miR-1284,MIR1284
166,hsa-miR-1285-3p,MIR1285
167,hsa-miR-1285-5p,MIR1285
168,hsa-miR-1286,MIR1286
169,hsa-miR-1287-3p,MIR1287
170,hsa-miR-1287-5p,MIR1287
171,hsa-miR-1288-3p,MIR1288
172,hsa-miR-1288-5p,MIR1288
173,hsa-miR-1289,MIR1289
174,hsa-miR-129-1-3p,MIR129-1
175,hsa-miR-129-2-3p,MIR129-2
176,hsa-miR-129-5p,MIR129
177,hsa-miR-1290,MIR1290
178,hsa-miR-1291,MIR1291
179,hsa-miR-1292-3p,MIR1292
180,hsa-miR-1292-5p,MIR1292
181,hsa-miR-1293,MIR1293
182,hsa-miR-1294,MIR1294
183,hsa-miR-1295a,MIR1295a
184,hsa-miR-1295b-3p,MIR1295b
185,hsa-miR-1295b-5p,MIR1295b
186,hsa-miR-1296-3p,MIR1296
187,hsa-miR-1296-5p,MIR1296
188,hsa-miR-1298-3p,MIR1298
189,hsa-miR-1298-5p,MIR1298
190,hsa-miR-1299,MIR1299
191,hsa-miR-1301-3p,MIR1301
192,hsa-miR-1301-5p,MIR1301
193,hsa-miR-1302,MIR1302
194,hsa-miR-1303,MIR1303
195,hsa-miR-1304-3p,MIR1304
196,hsa-miR-1304-5p,MIR1304
197,hsa-miR-1305,MIR1305
198,hsa-miR-1306-3p,MIR1306
199,hsa-miR-1306-5p,MIR1306
200,hsa-miR-1307-3p,MIR1307
201,hsa-miR-1307-5p,MIR1307
202,hsa-miR-130a-3p,MIR130a
203,hsa-miR-130b-3p,MIR130b
204,hsa-miR-130b-5p,MIR130b
205,hsa-miR-132-3p,MIR132
206,hsa-miR-132-5p,MIR132
207,hsa-miR-1322,MIR1322
208,hsa-miR-1323,MIR1323
209,hsa-miR-1324,MIR1324
210,hsa-miR-133a-3p.1,MIR133a.1
211,hsa-miR-133a-3p.2,MIR133a.2
212,hsa-miR-133a-5p,MIR133a
213,hsa-miR-133b,MIR133b
214,hsa-miR-134-3p,MIR134
215,hsa-miR-134-5p,MIR134
216,hsa-miR-1343-3p,MIR1343
217,hsa-miR-1343-5p,MIR1343
218,hsa-miR-135a-3p,MIR135a
219,hsa-miR-135a-5p,MIR135a
220,hsa-miR-135b-3p,MIR135b
221,hsa-miR-135b-5p,MIR135b
222,hsa-miR-136-3p,MIR136
223,hsa-miR-136-5p,MIR136
224,hsa-miR-137,MIR137
225,hsa-miR-138-1-3p,MIR138-1
226,hsa-miR-138-2-3p,MIR138-2
227,hsa-miR-138-5p,MIR138
228,hsa-miR-139-3p,MIR139
229,hsa-miR-139-5p,MIR139
230,hsa-miR-140-3p.1,MIR140.1
231,hsa-miR-140-3p.2,MIR140.2
232,hsa-miR-140-5p,MIR140
233,hsa-miR-141-3p,MIR141
234,hsa-miR-141-5p,MIR141
235,hsa-miR-142-3p.1,MIR142.1
236,hsa-miR-142-3p.2,MIR142.2
237,hsa-miR-142-5p,MIR142
238,hsa-miR-143-3p,MIR143
239,hsa-miR-143-5p,MIR143
240,hsa-miR-144-3p,MIR144
241,hsa-miR-144-5p,MIR144
242,hsa-miR-145-3p,MIR145
243,hsa-miR-145-5p,MIR145
244,hsa-miR-1468-3p,MIR1468
245,hsa-miR-1468-5p,MIR1468
246,hsa-miR-1469,MIR1469
247,hsa-miR-146a-3p,MIR146a
248,hsa-miR-146a-5p,MIR146a
249,hsa-miR-146b-3p,MIR146b
250,hsa-miR-146b-5p,MIR146b
251,hsa-miR-1470,MIR1470
252,hsa-miR-1471,MIR1471
253,hsa-miR-147a,MIR147a
254,hsa-miR-147b,MIR147b
255,hsa-miR-148a-3p,MIR148a
256,hsa-miR-148a-5p,MIR148a
257,hsa-miR-148b-3p,MIR148b
258,hsa-miR-148b-5p,MIR148b
259,hsa-miR-149-3p,MIR149
260,hsa-miR-149-5p,MIR149
261,hsa-miR-150-3p,MIR150
262,hsa-miR-150-5p,MIR150
263,hsa-miR-151a-3p,MIR151a
264,hsa-miR-151a-5p,MIR151a
265,hsa-miR-152-3p,MIR152
266,hsa-miR-152-5p,MIR152
267,hsa-miR-153-3p,MIR153
268,hsa-miR-153-5p,MIR153
269,hsa-miR-1537-3p,MIR1537
270,hsa-miR-1537-5p,MIR1537
271,hsa-miR-1538,MIR1538
272,hsa-miR-1539,MIR1539
273,hsa-miR-154-3p,MIR154
274,hsa-miR-154-5p,MIR154
275,hsa-miR-155-3p,MIR155
276,hsa-miR-155-5p,MIR155
277,hsa-miR-1587,MIR1587
278,hsa-miR-15a-3p,MIR15a
279,hsa-miR-15a-5p,MIR15a
280,hsa-miR-15b-3p,MIR15b
281,hsa-miR-15b-5p,MIR15b
282,hsa-miR-16-1-3p,MIR16-1
283,hsa-miR-16-2-3p,MIR16-2
284,hsa-miR-16-5p,MIR16
285,hsa-miR-17-3p,MIR17
286,hsa-miR-17-5p,MIR17
287,hsa-miR-181a-2-3p,MIR181a-2
288,hsa-miR-181a-3p,MIR181a
289,hsa-miR-181a-5p,MIR181a
290,hsa-miR-181b-2-3p,MIR181b-2
291,hsa-miR-181b-3p,MIR181b
292,hsa-miR-181b-5p,MIR181b
293,hsa-miR-181c-3p,MIR181c
294,hsa-miR-181c-5p,MIR181c
295,hsa-miR-181d-3p,MIR181d
296,hsa-miR-181d-5p,MIR181d
297,hsa-miR-182-3p,MIR182
298,hsa-miR-182-5p,MIR182
299,hsa-miR-1825,MIR1825
300,hsa-miR-1827,MIR1827
301,hsa-miR-183-3p,MIR183
302,hsa-miR-183-5p.1,MIR183.1
303,hsa-miR-183-5p.2,MIR183.2
304,hsa-miR-184,MIR184
305,hsa-miR-185-3p,MIR185
306,hsa-miR-185-5p,MIR185
307,hsa-miR-186-3p,MIR186
308,hsa-miR-186-5p,MIR186
309,hsa-miR-187-3p,MIR187
310,hsa-miR-187-5p,MIR187
311,hsa-miR-188-3p,MIR188
312,hsa-miR-188-5p,MIR188
313,hsa-miR-18a-3p,MIR18a
314,hsa-miR-18a-5p,MIR18a
315,hsa-miR-18b-3p,MIR18b
316,hsa-miR-18b-5p,MIR18b
317,hsa-miR-1908-3p,MIR1908
318,hsa-miR-1908-5p,MIR1908
319,hsa-miR-1909-3p,MIR1909
320,hsa-miR-1909-5p,MIR1909
321,hsa-miR-190a-3p,MIR190a
322,hsa-miR-190a-5p,MIR190a
323,hsa-miR-190b,MIR190b
324,hsa-miR-191-3p,MIR191
325,hsa-miR-191-5p,MIR191
326,hsa-miR-1910-3p,MIR1910
327,hsa-miR-1910-5p,MIR1910
328,hsa-miR-1911-3p,MIR1911
329,hsa-miR-1911-5p,MIR1911
330,hsa-miR-1912,MIR1912
331,hsa-miR-1913,MIR1913
332,hsa-miR-1914-5p,MIR1914
333,hsa-miR-1915-3p,MIR1915
334,hsa-miR-1915-5p,MIR1915
335,hsa-miR-192-3p,MIR192
336,hsa-miR-192-5p,MIR192
337,hsa-miR-193a-3p,MIR193a
338,hsa-miR-193a-5p,MIR193a
339,hsa-miR-193b-3p,MIR193b
340,hsa-miR-193b-5p,MIR193b
341,hsa-miR-194-3p,MIR194
342,hsa-miR-194-5p,MIR194
343,hsa-miR-195-3p,MIR195
344,hsa-miR-195-5p,MIR195
345,hsa-miR-196a-3p,MIR196a
346,hsa-miR-196a-5p,MIR196a
347,hsa-miR-196b-3p,MIR196b
348,hsa-miR-196b-5p,MIR196b
349,hsa-miR-197-3p,MIR197
350,hsa-miR-197-5p,MIR197
351,hsa-miR-1972,MIR1972
352,hsa-miR-1973,MIR1973
353,hsa-miR-1976,MIR1976
354,hsa-miR-198,MIR198
355,hsa-miR-199a-3p,MIR199a
356,hsa-miR-199a-5p,MIR199a
357,hsa-miR-199b-5p,MIR199b
358,hsa-miR-19a-3p,MIR19a
359,hsa-miR-19a-5p,MIR19a
360,hsa-miR-19b-1-5p,MIR19b-1
361,hsa-miR-19b-2-5p,MIR19b-2
362,hsa-miR-19b-3p,MIR19b
363,hsa-miR-200a-3p,MIR200a
364,hsa-miR-200a-5p,MIR200a
365,hsa-miR-200b-3p,MIR200b
366,hsa-miR-200b-5p,MIR200b
367,hsa-miR-200c-3p,MIR200c
368,hsa-miR-200c-5p,MIR200c
369,hsa-miR-202-3p,MIR202
370,hsa-miR-202-5p,MIR202
371,hsa-miR-203a-3p.1,MIR203a.1
372,hsa-miR-203a-3p.2,MIR203a.2
373,hsa-miR-203a-5p,MIR203a
374,hsa-miR-203b-3p,MIR203b
375,hsa-miR-203b-5p,MIR203b
376,hsa-miR-204-3p,MIR204
377,hsa-miR-204-5p,MIR204
378,hsa-miR-205-3p,MIR205
379,hsa-miR-205-5p,MIR205
380,hsa-miR-2052,MIR2052
381,hsa-miR-2053,MIR2053
382,hsa-miR-2054,MIR2054
383,hsa-miR-206,MIR206
384,hsa-miR-208a-3p,MIR208a
385,hsa-miR-208a-5p,MIR208a
386,hsa-miR-208b-3p,MIR208b
387,hsa-miR-208b-5p,MIR208b
388,hsa-miR-20a-3p,MIR20a
389,hsa-miR-20a-5p,MIR20a
390,hsa-miR-20b-3p,MIR20b
391,hsa-miR-20b-5p,MIR20b
392,hsa-miR-21-3p,MIR21
393,hsa-miR-21-5p,MIR21
394,hsa-miR-210-3p,MIR210
395,hsa-miR-210-5p,MIR210
396,hsa-miR-211-3p,MIR211
397,hsa-miR-211-5p,MIR211
398,hsa-miR-2110,MIR2110
399,hsa-miR-2113,MIR2113
400,hsa-miR-2114-3p,MIR2114
401,hsa-miR-2114-5p,MIR2114
402,hsa-miR-2115-3p,MIR2115
403,hsa-miR-2115-5p,MIR2115
404,hsa-miR-2116-3p,MIR2116
405,hsa-miR-2116-5p,MIR2116
406,hsa-miR-2117,MIR2117
407,hsa-miR-212-3p,MIR212
408,hsa-miR-212-5p,MIR212
409,hsa-miR-214-3p,MIR214
410,hsa-miR-214-5p,MIR214
411,hsa-miR-215-3p,MIR215
412,hsa-miR-215-5p,MIR215
413,hsa-miR-216a-5p,MIR216a
414,hsa-miR-216b-3p,MIR216b
415,hsa-miR-216b-5p,MIR216b
416,hsa-miR-217,MIR217
417,hsa-miR-218-1-3p,MIR218-1
418,hsa-miR-218-2-3p,MIR218-2
419,hsa-miR-218-5p,MIR218
420,hsa-miR-219a-1-3p,MIR219a-1
421,hsa-miR-219a-2-3p,MIR219a-2
422,hsa-miR-219a-5p,MIR219a
423,hsa-miR-219b-3p,MIR219b
424,hsa-miR-219b-5p,MIR219b
425,hsa-miR-22-3p,MIR22
426,hsa-miR-22-5p,MIR22
427,hsa-miR-221-3p,MIR221
428,hsa-miR-221-5p,MIR221
429,hsa-miR-222-3p,MIR222
430,hsa-miR-222-5p,MIR222
431,hsa-miR-223-3p,MIR223
432,hsa-miR-223-5p,MIR223
433,hsa-miR-224-5p,MIR224
434,hsa-miR-2276-3p,MIR2276
435,hsa-miR-2276-5p,MIR2276
436,hsa-miR-2277-3p,MIR2277
437,hsa-miR-2277-5p,MIR2277
438,hsa-miR-2278,MIR2278
439,hsa-miR-2355-3p,MIR2355
440,hsa-miR-2355-5p,MIR2355
441,hsa-miR-2392,MIR2392
442,hsa-miR-23a-3p,MIR23a
443,hsa-miR-23a-5p,MIR23a
444,hsa-miR-23b-3p,MIR23b
445,hsa-miR-23b-5p,MIR23b
446,hsa-miR-23c,MIR23c
447,hsa-miR-24-1-5p,MIR24-1
448,hsa-miR-24-2-5p,MIR24-2
449,hsa-miR-24-3p,MIR24
450,hsa-miR-2467-3p,MIR2467
451,hsa-miR-2467-5p,MIR2467
452,hsa-miR-25-3p,MIR25
453,hsa-miR-25-5p,MIR25
454,hsa-miR-2681-3p,MIR2681
455,hsa-miR-2681-5p,MIR2681
456,hsa-miR-2682-3p,MIR2682
457,hsa-miR-26a-1-3p,MIR26a-1
458,hsa-miR-26a-2-3p,MIR26a-2
459,hsa-miR-26a-5p,MIR26a
460,hsa-miR-26b-3p,MIR26b
461,hsa-miR-26b-5p,MIR26b
462,hsa-miR-27a-3p,MIR27a
463,hsa-miR-27a-5p,MIR27a
464,hsa-miR-27b-3p,MIR27b
465,hsa-miR-27b-5p,MIR27b
466,hsa-miR-28-3p,MIR28
467,hsa-miR-28-5p,MIR28
468,hsa-miR-2861,MIR2861
469,hsa-miR-2909,MIR2909
470,hsa-miR-296-3p,MIR296
471,hsa-miR-296-5p,MIR296
472,hsa-miR-297,MIR297
473,hsa-miR-298,MIR298
474,hsa-miR-299-3p,MIR299
475,hsa-miR-299-5p,MIR299
476,hsa-miR-29a-3p,MIR29a
477,hsa-miR-29a-5p,MIR29a
478,hsa-miR-29b-1-5p,MIR29b-1
479,hsa-miR-29b-2-5p,MIR29b-2
480,hsa-miR-29b-3p,MIR29b
481,hsa-miR-29c-3p,MIR29c
482,hsa-miR-29c-5p,MIR29c
483,hsa-miR-301a-3p,MIR301a
484,hsa-miR-301a-5p,MIR301a
485,hsa-miR-301b-3p,MIR301b
486,hsa-miR-301b-5p,MIR301b
487,hsa-miR-302a-3p,MIR302a
488,hsa-miR-302a-5p,MIR302a
489,hsa-miR-302b-3p,MIR302b
490,hsa-miR-302b-5p,MIR302b
491,hsa-miR-302c-3p.1,MIR302c.1
492,hsa-miR-302c-3p.2,MIR302c.2
493,hsa-miR-302c-5p,MIR302c
494,hsa-miR-302d-3p,MIR302d
495,hsa-miR-302d-5p,MIR302d
496,hsa-miR-302e,MIR302e
497,hsa-miR-302f,MIR302f
498,hsa-miR-3064-3p,MIR3064
499,hsa-miR-3064-5p,MIR3064
500,hsa-miR-3065-3p,MIR3065
501,hsa-miR-3065-5p,MIR3065
502,hsa-miR-3074-3p,MIR3074
503,hsa-miR-3074-5p,MIR3074
504,hsa-miR-30a-3p,MIR30a
505,hsa-miR-30a-5p,MIR30a
506,hsa-miR-30b-3p,MIR30b
507,hsa-miR-30b-5p,MIR30b
508,hsa-miR-30c-1-3p,MIR30c-1
509,hsa-miR-30c-2-3p,MIR30c-2
510,hsa-miR-30c-5p,MIR30c
511,hsa-miR-30d-3p,MIR30d
512,hsa-miR-30d-5p,MIR30d
513,hsa-miR-30e-3p,MIR30e
514,hsa-miR-30e-5p,MIR30e
515,hsa-miR-31-3p,MIR31
516,hsa-miR-31-5p,MIR31
517,hsa-miR-3115,MIR3115
518,hsa-miR-3116,MIR3116
519,hsa-miR-3117-3p,MIR3117
520,hsa-miR-3117-5p,MIR3117
521,hsa-miR-3119,MIR3119
522,hsa-miR-3120-3p,MIR3120
523,hsa-miR-3120-5p,MIR3120
524,hsa-miR-3121-3p,MIR3121
525,hsa-miR-3121-5p,MIR3121
526,hsa-miR-3122,MIR3122
527,hsa-miR-3123,MIR3123
528,hsa-miR-3124-3p,MIR3124
529,hsa-miR-3124-5p,MIR3124
530,hsa-miR-3125,MIR3125
531,hsa-miR-3126-3p,MIR3126
532,hsa-miR-3126-5p,MIR3126
533,hsa-miR-3127-3p,MIR3127
534,hsa-miR-3127-5p,MIR3127
535,hsa-miR-3128,MIR3128
536,hsa-miR-3129-3p,MIR3129
537,hsa-miR-3130-3p,MIR3130
538,hsa-miR-3130-5p,MIR3130
539,hsa-miR-3131,MIR3131
540,hsa-miR-3132,MIR3132
541,hsa-miR-3133,MIR3133
542,hsa-miR-3134,MIR3134
543,hsa-miR-3135a,MIR3135a
544,hsa-miR-3135b,MIR3135b
545,hsa-miR-3136-3p,MIR3136
546,hsa-miR-3136-5p,MIR3136
547,hsa-miR-3137,MIR3137
548,hsa-miR-3138,MIR3138
549,hsa-miR-3140-3p,MIR3140
550,hsa-miR-3140-5p,MIR3140
551,hsa-miR-3141,MIR3141
552,hsa-miR-3143,MIR3143
553,hsa-miR-3144-3p,MIR3144
554,hsa-miR-3144-5p,MIR3144
555,hsa-miR-3145-3p,MIR3145
556,hsa-miR-3145-5p,MIR3145
557,hsa-miR-3146,MIR3146
558,hsa-miR-3147,MIR3147
559,hsa-miR-3148,MIR3148
560,hsa-miR-3149,MIR3149
561,hsa-miR-3150a-3p,MIR3150a
562,hsa-miR-3150a-5p,MIR3150a
563,hsa-miR-3150b-3p,MIR3150b
564,hsa-miR-3150b-5p,MIR3150b
565,hsa-miR-3151-3p,MIR3151
566,hsa-miR-3151-5p,MIR3151
567,hsa-miR-3152-3p,MIR3152
568,hsa-miR-3152-5p,MIR3152
569,hsa-miR-3153,MIR3153
570,hsa-miR-3154,MIR3154
571,hsa-miR-3155a,MIR3155a
572,hsa-miR-3156-3p,MIR3156
573,hsa-miR-3156-5p,MIR3156
574,hsa-miR-3157-3p,MIR3157
575,hsa-miR-3157-5p,MIR3157
576,hsa-miR-3158-3p,MIR3158
577,hsa-miR-3158-5p,MIR3158
578,hsa-miR-3159,MIR3159
579,hsa-miR-3160-3p,MIR3160
580,hsa-miR-3160-5p,MIR3160
581,hsa-miR-3161,MIR3161
582,hsa-miR-3162-3p,MIR3162
583,hsa-miR-3162-5p,MIR3162
584,hsa-miR-3163,MIR3163
585,hsa-miR-3164,MIR3164
586,hsa-miR-3165,MIR3165
587,hsa-miR-3166,MIR3166
588,hsa-miR-3168,MIR3168
589,hsa-miR-3169,MIR3169
590,hsa-miR-3170,MIR3170
591,hsa-miR-3171,MIR3171
592,hsa-miR-3173-3p,MIR3173
593,hsa-miR-3173-5p,MIR3173
594,hsa-miR-3174,MIR3174
595,hsa-miR-3175,MIR3175
596,hsa-miR-3176,MIR3176
597,hsa-miR-3177-3p,MIR3177
598,hsa-miR-3177-5p,MIR3177
599,hsa-miR-3178,MIR3178
600,hsa-miR-3179,MIR3179
601,hsa-miR-3180,MIR3180
602,hsa-miR-3180-3p,MIR3180
603,hsa-miR-3180-5p,MIR3180
604,hsa-miR-3181,MIR3181
605,hsa-miR-3182,MIR3182
606,hsa-miR-3183,MIR3183
607,hsa-miR-3184-3p,MIR3184
608,hsa-miR-3185,MIR3185
609,hsa-miR-3186-3p,MIR3186
610,hsa-miR-3186-5p,MIR3186
611,hsa-miR-3187-3p,MIR3187
612,hsa-miR-3187-5p,MIR3187
613,hsa-miR-3188,MIR3188
614,hsa-miR-3189-3p,MIR3189
615,hsa-miR-3189-5p,MIR3189
616,hsa-miR-3190-3p,MIR3190
617,hsa-miR-3190-5p,MIR3190
618,hsa-miR-3191-3p,MIR3191
619,hsa-miR-3191-5p,MIR3191
620,hsa-miR-3192-3p,MIR3192
621,hsa-miR-3192-5p,MIR3192
622,hsa-miR-3193,MIR3193
623,hsa-miR-3194-3p,MIR3194
624,hsa-miR-3194-5p,MIR3194
625,hsa-miR-3195,MIR3195
626,hsa-miR-3197,MIR3197
627,hsa-miR-3198,MIR3198
628,hsa-miR-3199,MIR3199
629,hsa-miR-32-3p,MIR32
630,hsa-miR-32-5p,MIR32
631,hsa-miR-3200-3p,MIR3200
632,hsa-miR-3200-5p,MIR3200
633,hsa-miR-3201,MIR3201
634,hsa-miR-3202,MIR3202
635,hsa-miR-320a,MIR320a
636,hsa-miR-320b,MIR320b
637,hsa-miR-320c,MIR320c
638,hsa-miR-320d,MIR320d
639,hsa-miR-320e,MIR320e
640,hsa-miR-323a-3p,MIR323a
641,hsa-miR-323a-5p,MIR323a
642,hsa-miR-323b-3p,MIR323b
643,hsa-miR-323b-5p,MIR323b
644,hsa-miR-324-3p,MIR324
645,hsa-miR-324-5p,MIR324
646,hsa-miR-325,MIR325
647,hsa-miR-325-3p,MIR325
648,hsa-miR-326,MIR326
649,hsa-miR-328-3p,MIR328
650,hsa-miR-328-5p,MIR328
651,hsa-miR-329-3p,MIR329
652,hsa-miR-329-5p,MIR329
653,hsa-miR-330-3p,MIR330
654,hsa-miR-330-5p,MIR330
655,hsa-miR-331-3p,MIR331
656,hsa-miR-331-5p,MIR331
657,hsa-miR-335-3p,MIR335
658,hsa-miR-335-5p,MIR335
659,hsa-miR-337-3p,MIR337
660,hsa-miR-337-5p,MIR337
661,hsa-miR-338-3p,MIR338
662,hsa-miR-338-5p,MIR338
663,hsa-miR-339-3p,MIR339
664,hsa-miR-339-5p,MIR339
665,hsa-miR-33a-3p,MIR33a
666,hsa-miR-33a-5p,MIR33a
667,hsa-miR-33b-3p,MIR33b
668,hsa-miR-33b-5p,MIR33b
669,hsa-miR-340-3p,MIR340
670,hsa-miR-340-5p,MIR340
671,hsa-miR-342-3p,MIR342
672,hsa-miR-342-5p,MIR342
673,hsa-miR-345-3p,MIR345
674,hsa-miR-345-5p,MIR345
675,hsa-miR-346,MIR346
676,hsa-miR-34a-3p,MIR34a
677,hsa-miR-34a-5p,MIR34a
678,hsa-miR-34b-3p,MIR34b
679,hsa-miR-34b-5p,MIR34b
680,hsa-miR-34c-3p,MIR34c
681,hsa-miR-34c-5p,MIR34c
682,hsa-miR-3529-3p,MIR3529
683,hsa-miR-3591-3p,MIR3591
684,hsa-miR-3591-5p,MIR3591
685,hsa-miR-3605-3p,MIR3605
686,hsa-miR-3605-5p,MIR3605
687,hsa-miR-3606-3p,MIR3606
688,hsa-miR-3606-5p,MIR3606
689,hsa-miR-3607-3p,MIR3607
690,hsa-miR-3607-5p,MIR3607
691,hsa-miR-3609,MIR3609
692,hsa-miR-361-3p,MIR361
693,hsa-miR-361-5p,MIR361
694,hsa-miR-3610,MIR3610
695,hsa-miR-3611,MIR3611
696,hsa-miR-3612,MIR3612
697,hsa-miR-3613-3p,MIR3613
698,hsa-miR-3613-5p,MIR3613
699,hsa-miR-3614-3p,MIR3614
700,hsa-miR-3614-5p,MIR3614
701,hsa-miR-3615,MIR3615
702,hsa-miR-3616-3p,MIR3616
703,hsa-miR-3616-5p,MIR3616
704,hsa-miR-3617-3p,MIR3617
705,hsa-miR-3617-5p,MIR3617
706,hsa-miR-3618,MIR3618
707,hsa-miR-3619-3p,MIR3619
708,hsa-miR-3619-5p,MIR3619
709,hsa-miR-362-3p,MIR362
710,hsa-miR-362-5p,MIR362
711,hsa-miR-3620-3p,MIR3620
712,hsa-miR-3620-5p,MIR3620
713,hsa-miR-3621,MIR3621
714,hsa-miR-3622a-3p,MIR3622a
715,hsa-miR-3622a-5p,MIR3622a
716,hsa-miR-3622b-3p,MIR3622b
717,hsa-miR-3622b-5p,MIR3622b
718,hsa-miR-363-3p,MIR363
719,hsa-miR-363-5p,MIR363
720,hsa-miR-3646,MIR3646
721,hsa-miR-3648,MIR3648
722,hsa-miR-3649,MIR3649
723,hsa-miR-3650,MIR3650
724,hsa-miR-3651,MIR3651
725,hsa-miR-3652,MIR3652
726,hsa-miR-3653-3p,MIR3653
727,hsa-miR-3653-5p,MIR3653
728,hsa-miR-3654,MIR3654
729,hsa-miR-3655,MIR3655
730,hsa-miR-3656,MIR3656
731,hsa-miR-3657,MIR3657
732,hsa-miR-3658,MIR3658
733,hsa-miR-3659,MIR3659
734,hsa-miR-365a-3p,MIR365a
735,hsa-miR-365a-5p,MIR365a
736,hsa-miR-365b-5p,MIR365b
737,hsa-miR-3660,MIR3660
738,hsa-miR-3661,MIR3661
739,hsa-miR-3662,MIR3662
740,hsa-miR-3663-3p,MIR3663
741,hsa-miR-3663-5p,MIR3663
742,hsa-miR-3664-3p,MIR3664
743,hsa-miR-3664-5p,MIR3664
744,hsa-miR-3665,MIR3665
745,hsa-miR-3667-3p,MIR3667
746,hsa-miR-3667-5p,MIR3667
747,hsa-miR-3668,MIR3668
748,hsa-miR-367-3p,MIR367
749,hsa-miR-367-5p,MIR367
750,hsa-miR-3670,MIR3670
751,hsa-miR-3671,MIR3671
752,hsa-miR-3672,MIR3672
753,hsa-miR-3674,MIR3674
754,hsa-miR-3675-3p,MIR3675
755,hsa-miR-3675-5p,MIR3675
756,hsa-miR-3677-3p,MIR3677
757,hsa-miR-3677-5p,MIR3677
758,hsa-miR-3678-3p,MIR3678
759,hsa-miR-3678-5p,MIR3678
760,hsa-miR-3679-3p,MIR3679
761,hsa-miR-3680-3p,MIR3680
762,hsa-miR-3680-5p,MIR3680
763,hsa-miR-3681-5p,MIR3681
764,hsa-miR-3682-3p,MIR3682
765,hsa-miR-3682-5p,MIR3682
766,hsa-miR-3683,MIR3683
767,hsa-miR-3684,MIR3684
768,hsa-miR-3685,MIR3685
769,hsa-miR-3686,MIR3686
770,hsa-miR-3687,MIR3687
771,hsa-miR-3688-3p,MIR3688
772,hsa-miR-3688-5p,MIR3688
773,hsa-miR-3689a-3p,MIR3689a
774,hsa-miR-3689a-5p,MIR3689a
775,hsa-miR-3689b-3p,MIR3689b
776,hsa-miR-3689d,MIR3689d
777,hsa-miR-3689f,MIR3689f
778,hsa-miR-369-3p,MIR369
779,hsa-miR-369-5p,MIR369
780,hsa-miR-3690,MIR3690
781,hsa-miR-3691-3p,MIR3691
782,hsa-miR-3691-5p,MIR3691
783,hsa-miR-3692-3p,MIR3692
784,hsa-miR-3692-5p,MIR3692
785,hsa-miR-370-3p,MIR370
786,hsa-miR-3713,MIR3713
787,hsa-miR-3714,MIR3714
788,hsa-miR-371a-3p,MIR371a
789,hsa-miR-371a-5p,MIR371a
790,hsa-miR-371b-3p,MIR371b
791,hsa-miR-371b-5p,MIR371b
792,hsa-miR-372-3p,MIR372
793,hsa-miR-372-5p,MIR372
794,hsa-miR-373-3p,MIR373
795,hsa-miR-373-5p,MIR373
796,hsa-miR-374a-3p,MIR374a
797,hsa-miR-374a-5p,MIR374a
798,hsa-miR-374b-3p,MIR374b
799,hsa-miR-374b-5p,MIR374b
800,hsa-miR-374c-3p,MIR374c
801,hsa-miR-375,MIR375
802,hsa-miR-376a-2-5p,MIR376a-2
803,hsa-miR-376a-3p,MIR376a
804,hsa-miR-376a-5p,MIR376a
805,hsa-miR-376b-3p,MIR376b
806,hsa-miR-376b-5p,MIR376b
807,hsa-miR-376c-3p,MIR376c
808,hsa-miR-377-3p,MIR377
809,hsa-miR-377-5p,MIR377
810,hsa-miR-378a-3p,MIR378a
811,hsa-miR-378a-5p,MIR378a
812,hsa-miR-378g,MIR378g
813,hsa-miR-378j,MIR378j
814,hsa-miR-379-3p,MIR379
815,hsa-miR-379-5p,MIR379
816,hsa-miR-380-3p,MIR380
817,hsa-miR-380-5p,MIR380
818,hsa-miR-381-3p,MIR381
819,hsa-miR-381-5p,MIR381
820,hsa-miR-382-3p,MIR382
821,hsa-miR-382-5p,MIR382
822,hsa-miR-383-3p,MIR383
823,hsa-miR-383-5p.1,MIR383.1
824,hsa-miR-383-5p.2,MIR383.2
825,hsa-miR-384,MIR384
826,hsa-miR-3907,MIR3907
827,hsa-miR-3908,MIR3908
828,hsa-miR-3909,MIR3909
829,hsa-miR-3910,MIR3910
830,hsa-miR-3911,MIR3911
831,hsa-miR-3912-3p,MIR3912
832,hsa-miR-3912-5p,MIR3912
833,hsa-miR-3913-3p,MIR3913
834,hsa-miR-3913-5p,MIR3913
835,hsa-miR-3914,MIR3914
836,hsa-miR-3915,MIR3915
837,hsa-miR-3916,MIR3916
838,hsa-miR-3917,MIR3917
839,hsa-miR-3918,MIR3918
840,hsa-miR-3919,MIR3919
841,hsa-miR-3920,MIR3920
842,hsa-miR-3921,MIR3921
843,hsa-miR-3922-3p,MIR3922
844,hsa-miR-3922-5p,MIR3922
845,hsa-miR-3923,MIR3923
846,hsa-miR-3924,MIR3924
847,hsa-miR-3925-3p,MIR3925
848,hsa-miR-3925-5p,MIR3925
849,hsa-miR-3926,MIR3926
850,hsa-miR-3927-3p,MIR3927
851,hsa-miR-3927-5p,MIR3927
852,hsa-miR-3928-3p,MIR3928
853,hsa-miR-3928-5p,MIR3928
854,hsa-miR-3929,MIR3929
855,hsa-miR-3934-3p,MIR3934
856,hsa-miR-3934-5p,MIR3934
857,hsa-miR-3935,MIR3935
858,hsa-miR-3936,MIR3936
859,hsa-miR-3937,MIR3937
860,hsa-miR-3938,MIR3938
861,hsa-miR-3939,MIR3939
862,hsa-miR-3940-3p,MIR3940
863,hsa-miR-3940-5p,MIR3940
864,hsa-miR-3941,MIR3941
865,hsa-miR-3942-3p,MIR3942
866,hsa-miR-3942-5p,MIR3942
867,hsa-miR-3943,MIR3943
868,hsa-miR-3944-3p,MIR3944
869,hsa-miR-3944-5p,MIR3944
870,hsa-miR-3945,MIR3945
871,hsa-miR-3960,MIR3960
872,hsa-miR-3972,MIR3972
873,hsa-miR-3973,MIR3973
874,hsa-miR-3974,MIR3974
875,hsa-miR-3975,MIR3975
876,hsa-miR-3976,MIR3976
877,hsa-miR-3977,MIR3977
878,hsa-miR-3978,MIR3978
879,hsa-miR-409-3p,MIR409
880,hsa-miR-409-5p,MIR409
881,hsa-miR-410-3p,MIR410
882,hsa-miR-410-5p,MIR410
883,hsa-miR-411-3p,MIR411
884,hsa-miR-411-5p.1,MIR411.1
885,hsa-miR-411-5p.2,MIR411.2
886,hsa-miR-412-3p,MIR412
887,hsa-miR-412-5p,MIR412
888,hsa-miR-421,MIR421
889,hsa-miR-423-3p,MIR423
890,hsa-miR-423-5p,MIR423
891,hsa-miR-424-3p,MIR424
892,hsa-miR-424-5p,MIR424
893,hsa-miR-425-3p,MIR425
894,hsa-miR-425-5p,MIR425
895,hsa-miR-4251,MIR4251
896,hsa-miR-4252,MIR4252
897,hsa-miR-4253,MIR4253
898,hsa-miR-4254,MIR4254
899,hsa-miR-4255,MIR4255
900,hsa-miR-4256,MIR4256
901,hsa-miR-4257,MIR4257
902,hsa-miR-4258,MIR4258
903,hsa-miR-4259,MIR4259
904,hsa-miR-4260,MIR4260
905,hsa-miR-4261,MIR4261
906,hsa-miR-4263,MIR4263
907,hsa-miR-4264,MIR4264
908,hsa-miR-4265,MIR4265
909,hsa-miR-4266,MIR4266
910,hsa-miR-4267,MIR4267
911,hsa-miR-4268,MIR4268
912,hsa-miR-4269,MIR4269
913,hsa-miR-4270,MIR4270
914,hsa-miR-4271,MIR4271
915,hsa-miR-4272,MIR4272
916,hsa-miR-4273,MIR4273
917,hsa-miR-4274,MIR4274
918,hsa-miR-4275,MIR4275
919,hsa-miR-4276,MIR4276
920,hsa-miR-4277,MIR4277
921,hsa-miR-4278,MIR4278
922,hsa-miR-4279,MIR4279
923,hsa-miR-4280,MIR4280
924,hsa-miR-4281,MIR4281
925,hsa-miR-4282,MIR4282
926,hsa-miR-4283,MIR4283
927,hsa-miR-4284,MIR4284
928,hsa-miR-4285,MIR4285
929,hsa-miR-4286,MIR4286
930,hsa-miR-4287,MIR4287
931,hsa-miR-4288,MIR4288
932,hsa-miR-4289,MIR4289
933,hsa-miR-429,MIR429
934,hsa-miR-4290,MIR4290
935,hsa-miR-4291,MIR4291
936,hsa-miR-4292,MIR4292
937,hsa-miR-4293,MIR4293
938,hsa-miR-4294,MIR4294
939,hsa-miR-4296,MIR4296
940,hsa-miR-4297,MIR4297
941,hsa-miR-4298,MIR4298
942,hsa-miR-4299,MIR4299
943,hsa-miR-4300,MIR4300
944,hsa-miR-4301,MIR4301
945,hsa-miR-4302,MIR4302
946,hsa-miR-4303,MIR4303
947,hsa-miR-4304,MIR4304
948,hsa-miR-4305,MIR4305
949,hsa-miR-4307,MIR4307
950,hsa-miR-4308,MIR4308
951,hsa-miR-4309,MIR4309
952,hsa-miR-431-3p,MIR431
953,hsa-miR-431-5p,MIR431
954,hsa-miR-4310,MIR4310
955,hsa-miR-4311,MIR4311
956,hsa-miR-4312,MIR4312
957,hsa-miR-4313,MIR4313
958,hsa-miR-4314,MIR4314
959,hsa-miR-4315,MIR4315
960,hsa-miR-4316,MIR4316
961,hsa-miR-4317,MIR4317
962,hsa-miR-4318,MIR4318
963,hsa-miR-432-3p,MIR432
964,hsa-miR-432-5p,MIR432
965,hsa-miR-4320,MIR4320
966,hsa-miR-4321,MIR4321
967,hsa-miR-4322,MIR4322
968,hsa-miR-4323,MIR4323
969,hsa-miR-4324,MIR4324
970,hsa-miR-4325,MIR4325
971,hsa-miR-4326,MIR4326
972,hsa-miR-4327,MIR4327
973,hsa-miR-4328,MIR4328
974,hsa-miR-4329,MIR4329
975,hsa-miR-433-3p,MIR433
976,hsa-miR-433-5p,MIR433
977,hsa-miR-4330,MIR4330
978,hsa-miR-4417,MIR4417
979,hsa-miR-4418,MIR4418
980,hsa-miR-4419a,MIR4419a
981,hsa-miR-4419b,MIR4419b
982,hsa-miR-4420,MIR4420
983,hsa-miR-4421,MIR4421
984,hsa-miR-4422,MIR4422
985,hsa-miR-4423-3p,MIR4423
986,hsa-miR-4423-5p,MIR4423
987,hsa-miR-4424,MIR4424
988,hsa-miR-4425,MIR4425
989,hsa-miR-4426,MIR4426
990,hsa-miR-4427,MIR4427
991,hsa-miR-4428,MIR4428
992,hsa-miR-4430,MIR4430
993,hsa-miR-4431,MIR4431
994,hsa-miR-4432,MIR4432
995,hsa-miR-4433a-3p,MIR4433a
996,hsa-miR-4433a-5p,MIR4433a
997,hsa-miR-4433b-3p,MIR4433b
998,hsa-miR-4433b-5p,MIR4433b
999,hsa-miR-4434,MIR4434
1000,hsa-miR-4435,MIR4435
1001,hsa-miR-4436b-3p,MIR4436b
1002,hsa-miR-4436b-5p,MIR4436b
1003,hsa-miR-4437,MIR4437
1004,hsa-miR-4438,MIR4438
1005,hsa-miR-4439,MIR4439
1006,hsa-miR-4440,MIR4440
1007,hsa-miR-4441,MIR4441
1008,hsa-miR-4442,MIR4442
1009,hsa-miR-4443,MIR4443
1010,hsa-miR-4444,MIR4444
1011,hsa-miR-4445-3p,MIR4445
1012,hsa-miR-4445-5p,MIR4445
1013,hsa-miR-4446-3p,MIR4446
1014,hsa-miR-4446-5p,MIR4446
1015,hsa-miR-4447,MIR4447
1016,hsa-miR-4448,MIR4448
1017,hsa-miR-4449,MIR4449
1018,hsa-miR-4450,MIR4450
1019,hsa-miR-4451,MIR4451
1020,hsa-miR-4452,MIR4452
1021,hsa-miR-4453,MIR4453
1022,hsa-miR-4454,MIR4454
1023,hsa-miR-4455,MIR4455
1024,hsa-miR-4456,MIR4456
1025,hsa-miR-4457,MIR4457
1026,hsa-miR-4459,MIR4459
1027,hsa-miR-4460,MIR4460
1028,hsa-miR-4461,MIR4461
1029,hsa-miR-4462,MIR4462
1030,hsa-miR-4463,MIR4463
1031,hsa-miR-4464,MIR4464
1032,hsa-miR-4466,MIR4466
1033,hsa-miR-4467,MIR4467
1034,hsa-miR-4468,MIR4468
1035,hsa-miR-4469,MIR4469
1036,hsa-miR-4470,MIR4470
1037,hsa-miR-4471,MIR4471
1038,hsa-miR-4472,MIR4472
1039,hsa-miR-4473,MIR4473
1040,hsa-miR-4474-3p,MIR4474
1041,hsa-miR-4474-5p,MIR4474
1042,hsa-miR-4475,MIR4475
1043,hsa-miR-4476,MIR4476
1044,hsa-miR-4477a,MIR4477a
1045,hsa-miR-4477b,MIR4477b
1046,hsa-miR-4478,MIR4478
1047,hsa-miR-4479,MIR4479
1048,hsa-miR-448,MIR448
1049,hsa-miR-4480,MIR4480
1050,hsa-miR-4481,MIR4481
1051,hsa-miR-4482-3p,MIR4482
1052,hsa-miR-4482-5p,MIR4482
1053,hsa-miR-4483,MIR4483
1054,hsa-miR-4484,MIR4484
1055,hsa-miR-4485-3p,MIR4485
1056,hsa-miR-4485-5p,MIR4485
1057,hsa-miR-4486,MIR4486
1058,hsa-miR-4487,MIR4487
1059,hsa-miR-4488,MIR4488
1060,hsa-miR-4489,MIR4489
1061,hsa-miR-4490,MIR4490
1062,hsa-miR-4491,MIR4491
1063,hsa-miR-4492,MIR4492
1064,hsa-miR-4493,MIR4493
1065,hsa-miR-4494,MIR4494
1066,hsa-miR-4495,MIR4495
1067,hsa-miR-4496,MIR4496
1068,hsa-miR-4497,MIR4497
1069,hsa-miR-4498,MIR4498
1070,hsa-miR-4499,MIR4499
1071,hsa-miR-449a,MIR449a
1072,hsa-miR-449b-3p,MIR449b
1073,hsa-miR-449b-5p,MIR449b
1074,hsa-miR-449c-3p,MIR449c
1075,hsa-miR-449c-5p,MIR449c
1076,hsa-miR-4501,MIR4501
1077,hsa-miR-4502,MIR4502
1078,hsa-miR-4503,MIR4503
1079,hsa-miR-4504,MIR4504
1080,hsa-miR-4505,MIR4505
1081,hsa-miR-4506,MIR4506
1082,hsa-miR-4507,MIR4507
1083,hsa-miR-4508,MIR4508
1084,hsa-miR-4509,MIR4509
1085,hsa-miR-450a-1-3p,MIR450a-1
1086,hsa-miR-450a-2-3p,MIR450a-2
1087,hsa-miR-450a-5p,MIR450a
1088,hsa-miR-450b-3p,MIR450b
1089,hsa-miR-450b-5p,MIR450b
1090,hsa-miR-4510,MIR4510
1091,hsa-miR-4511,MIR4511
1092,hsa-miR-4512,MIR4512
1093,hsa-miR-4513,MIR4513
1094,hsa-miR-4514,MIR4514
1095,hsa-miR-4515,MIR4515
1096,hsa-miR-4516,MIR4516
1097,hsa-miR-4517,MIR4517
1098,hsa-miR-4518,MIR4518
1099,hsa-miR-4519,MIR4519
1100,hsa-miR-451a,MIR451a
1101,hsa-miR-451b,MIR451b
1102,hsa-miR-452-3p,MIR452
1103,hsa-miR-452-5p,MIR452
1104,hsa-miR-4520-2-3p,MIR4520-2
1105,hsa-miR-4520-3p,MIR4520
1106,hsa-miR-4520-5p,MIR4520
1107,hsa-miR-4521,MIR4521
1108,hsa-miR-4522,MIR4522
1109,hsa-miR-4523,MIR4523
1110,hsa-miR-4524a-3p,MIR4524a
1111,hsa-miR-4524a-5p,MIR4524a
1112,hsa-miR-4524b-3p,MIR4524b
1113,hsa-miR-4524b-5p,MIR4524b
1114,hsa-miR-4526,MIR4526
1115,hsa-miR-4527,MIR4527
1116,hsa-miR-4528,MIR4528
1117,hsa-miR-4529-3p,MIR4529
1118,hsa-miR-4529-5p,MIR4529
1119,hsa-miR-4530,MIR4530
1120,hsa-miR-4531,MIR4531
1121,hsa-miR-4532,MIR4532
1122,hsa-miR-4533,MIR4533
1123,hsa-miR-4534,MIR4534
1124,hsa-miR-4535,MIR4535
1125,hsa-miR-4536-3p,MIR4536
1126,hsa-miR-4536-5p,MIR4536
1127,hsa-miR-4537,MIR4537
1128,hsa-miR-4538,MIR4538
1129,hsa-miR-4539,MIR4539
1130,hsa-miR-454-3p,MIR454
1131,hsa-miR-454-5p,MIR454
1132,hsa-miR-4540,MIR4540
1133,hsa-miR-455-3p.1,MIR455.1
1134,hsa-miR-455-3p.2,MIR455.2
1135,hsa-miR-455-5p,MIR455
1136,hsa-miR-4632-3p,MIR4632
1137,hsa-miR-4633-3p,MIR4633
1138,hsa-miR-4633-5p,MIR4633
1139,hsa-miR-4634,MIR4634
1140,hsa-miR-4635,MIR4635
1141,hsa-miR-4636,MIR4636
1142,hsa-miR-4637,MIR4637
1143,hsa-miR-4638-3p,MIR4638
1144,hsa-miR-4638-5p,MIR4638
1145,hsa-miR-4639-3p,MIR4639
1146,hsa-miR-4639-5p,MIR4639
1147,hsa-miR-4640-3p,MIR4640
1148,hsa-miR-4640-5p,MIR4640
1149,hsa-miR-4641,MIR4641
1150,hsa-miR-4642,MIR4642
1151,hsa-miR-4643,MIR4643
1152,hsa-miR-4645-3p,MIR4645
1153,hsa-miR-4645-5p,MIR4645
1154,hsa-miR-4646-3p,MIR4646
1155,hsa-miR-4646-5p,MIR4646
1156,hsa-miR-4647,MIR4647
1157,hsa-miR-4648,MIR4648
1158,hsa-miR-4649-3p,MIR4649
1159,hsa-miR-4649-5p,MIR4649
1160,hsa-miR-4650-3p,MIR4650
1161,hsa-miR-4650-5p,MIR4650
1162,hsa-miR-4651,MIR4651
1163,hsa-miR-4652-3p,MIR4652
1164,hsa-miR-4652-5p,MIR4652
1165,hsa-miR-4653-3p,MIR4653
1166,hsa-miR-4653-5p,MIR4653
1167,hsa-miR-4654,MIR4654
1168,hsa-miR-4655-3p,MIR4655
1169,hsa-miR-4655-5p,MIR4655
1170,hsa-miR-4656,MIR4656
1171,hsa-miR-4657,MIR4657
1172,hsa-miR-4658,MIR4658
1173,hsa-miR-4659a-3p,MIR4659a
1174,hsa-miR-4659a-5p,MIR4659a
1175,hsa-miR-4659b-3p,MIR4659b
1176,hsa-miR-4659b-5p,MIR4659b
1177,hsa-miR-466,MIR466
1178,hsa-miR-4660,MIR4660
1179,hsa-miR-4661-3p,MIR4661
1180,hsa-miR-4661-5p,MIR4661
1181,hsa-miR-4662a-3p,MIR4662a
1182,hsa-miR-4662a-5p,MIR4662a
1183,hsa-miR-4662b,MIR4662b
1184,hsa-miR-4663,MIR4663
1185,hsa-miR-4664-3p,MIR4664
1186,hsa-miR-4664-5p,MIR4664
1187,hsa-miR-4665-3p,MIR4665
1188,hsa-miR-4665-5p,MIR4665
1189,hsa-miR-4666a-3p,MIR4666a
1190,hsa-miR-4666a-5p,MIR4666a
1191,hsa-miR-4666b,MIR4666b
1192,hsa-miR-4667-3p,MIR4667
1193,hsa-miR-4667-5p,MIR4667
1194,hsa-miR-4668-3p,MIR4668
1195,hsa-miR-4668-5p,MIR4668
1196,hsa-miR-4669,MIR4669
1197,hsa-miR-4670-3p,MIR4670
1198,hsa-miR-4670-5p,MIR4670
1199,hsa-miR-4671-3p,MIR4671
1200,hsa-miR-4671-5p,MIR4671
1201,hsa-miR-4672,MIR4672
1202,hsa-miR-4673,MIR4673
1203,hsa-miR-4674,MIR4674
1204,hsa-miR-4675,MIR4675
1205,hsa-miR-4676-5p,MIR4676
1206,hsa-miR-4677-3p,MIR4677
1207,hsa-miR-4677-5p,MIR4677
1208,hsa-miR-4678,MIR4678
1209,hsa-miR-4679,MIR4679
1210,hsa-miR-4680-3p,MIR4680
1211,hsa-miR-4680-5p,MIR4680
1212,hsa-miR-4681,MIR4681
1213,hsa-miR-4682,MIR4682
1214,hsa-miR-4683,MIR4683
1215,hsa-miR-4684-3p,MIR4684
1216,hsa-miR-4684-5p,MIR4684
1217,hsa-miR-4685-3p,MIR4685
1218,hsa-miR-4685-5p,MIR4685
1219,hsa-miR-4686,MIR4686
1220,hsa-miR-4687-3p,MIR4687
1221,hsa-miR-4687-5p,MIR4687
1222,hsa-miR-4688,MIR4688
1223,hsa-miR-4689,MIR4689
1224,hsa-miR-4690-3p,MIR4690
1225,hsa-miR-4690-5p,MIR4690
1226,hsa-miR-4691-3p,MIR4691
1227,hsa-miR-4691-5p,MIR4691
1228,hsa-miR-4692,MIR4692
1229,hsa-miR-4693-3p,MIR4693
1230,hsa-miR-4693-5p,MIR4693
1231,hsa-miR-4694-3p,MIR4694
1232,hsa-miR-4694-5p,MIR4694
1233,hsa-miR-4695-3p,MIR4695
1234,hsa-miR-4695-5p,MIR4695
1235,hsa-miR-4696,MIR4696
1236,hsa-miR-4697-3p,MIR4697
1237,hsa-miR-4697-5p,MIR4697
1238,hsa-miR-4698,MIR4698
1239,hsa-miR-4699-3p,MIR4699
1240,hsa-miR-4699-5p,MIR4699
1241,hsa-miR-4700-3p,MIR4700
1242,hsa-miR-4700-5p,MIR4700
1243,hsa-miR-4701-3p,MIR4701
1244,hsa-miR-4703-3p,MIR4703
1245,hsa-miR-4704-3p,MIR4704
1246,hsa-miR-4704-5p,MIR4704
1247,hsa-miR-4705,MIR4705
1248,hsa-miR-4706,MIR4706
1249,hsa-miR-4707-3p,MIR4707
1250,hsa-miR-4707-5p,MIR4707
1251,hsa-miR-4708-3p,MIR4708
1252,hsa-miR-4708-5p,MIR4708
1253,hsa-miR-4709-3p,MIR4709
1254,hsa-miR-4709-5p,MIR4709
1255,hsa-miR-4710,MIR4710
1256,hsa-miR-4711-3p,MIR4711
1257,hsa-miR-4711-5p,MIR4711
1258,hsa-miR-4712-3p,MIR4712
1259,hsa-miR-4713-3p,MIR4713
1260,hsa-miR-4713-5p,MIR4713
1261,hsa-miR-4714-3p,MIR4714
1262,hsa-miR-4714-5p,MIR4714
1263,hsa-miR-4715-3p,MIR4715
1264,hsa-miR-4715-5p,MIR4715
1265,hsa-miR-4716-3p,MIR4716
1266,hsa-miR-4716-5p,MIR4716
1267,hsa-miR-4717-3p,MIR4717
1268,hsa-miR-4717-5p,MIR4717
1269,hsa-miR-4718,MIR4718
1270,hsa-miR-4719,MIR4719
1271,hsa-miR-4720-3p,MIR4720
1272,hsa-miR-4720-5p,MIR4720
1273,hsa-miR-4721,MIR4721
1274,hsa-miR-4722-3p,MIR4722
1275,hsa-miR-4722-5p,MIR4722
1276,hsa-miR-4723-3p,MIR4723
1277,hsa-miR-4723-5p,MIR4723
1278,hsa-miR-4724-3p,MIR4724
1279,hsa-miR-4724-5p,MIR4724
1280,hsa-miR-4725-3p,MIR4725
1281,hsa-miR-4725-5p,MIR4725
1282,hsa-miR-4726-3p,MIR4726
1283,hsa-miR-4727-3p,MIR4727
1284,hsa-miR-4727-5p,MIR4727
1285,hsa-miR-4728-3p,MIR4728
1286,hsa-miR-4728-5p,MIR4728
1287,hsa-miR-4729,MIR4729
1288,hsa-miR-4730,MIR4730
1289,hsa-miR-4731-3p,MIR4731
1290,hsa-miR-4731-5p,MIR4731
1291,hsa-miR-4732-3p,MIR4732
1292,hsa-miR-4732-5p,MIR4732
1293,hsa-miR-4733-3p,MIR4733
1294,hsa-miR-4733-5p,MIR4733
1295,hsa-miR-4734,MIR4734
1296,hsa-miR-4735-5p,MIR4735
1297,hsa-miR-4736,MIR4736
1298,hsa-miR-4737,MIR4737
1299,hsa-miR-4738-3p,MIR4738
1300,hsa-miR-4738-5p,MIR4738
1301,hsa-miR-4739,MIR4739
1302,hsa-miR-4740-3p,MIR4740
1303,hsa-miR-4740-5p,MIR4740
1304,hsa-miR-4741,MIR4741
1305,hsa-miR-4742-3p,MIR4742
1306,hsa-miR-4742-5p,MIR4742
1307,hsa-miR-4743-3p,MIR4743
1308,hsa-miR-4743-5p,MIR4743
1309,hsa-miR-4744,MIR4744
1310,hsa-miR-4745-3p,MIR4745
1311,hsa-miR-4745-5p,MIR4745
1312,hsa-miR-4746-3p,MIR4746
1313,hsa-miR-4746-5p,MIR4746
1314,hsa-miR-4747-3p,MIR4747
1315,hsa-miR-4747-5p,MIR4747
1316,hsa-miR-4748,MIR4748
1317,hsa-miR-4749-3p,MIR4749
1318,hsa-miR-4749-5p,MIR4749
1319,hsa-miR-4750-3p,MIR4750
1320,hsa-miR-4750-5p,MIR4750
1321,hsa-miR-4751,MIR4751
1322,hsa-miR-4752,MIR4752
1323,hsa-miR-4753-3p,MIR4753
1324,hsa-miR-4753-5p,MIR4753
1325,hsa-miR-4754,MIR4754
1326,hsa-miR-4755-3p,MIR4755
1327,hsa-miR-4755-5p,MIR4755
1328,hsa-miR-4756-3p,MIR4756
1329,hsa-miR-4757-3p,MIR4757
1330,hsa-miR-4757-5p,MIR4757
1331,hsa-miR-4758-3p,MIR4758
1332,hsa-miR-4758-5p,MIR4758
1333,hsa-miR-4759,MIR4759
1334,hsa-miR-4760-3p,MIR4760
1335,hsa-miR-4760-5p,MIR4760
1336,hsa-miR-4761-3p,MIR4761
1337,hsa-miR-4761-5p,MIR4761
1338,hsa-miR-4762-3p,MIR4762
1339,hsa-miR-4762-5p,MIR4762
1340,hsa-miR-4763-3p,MIR4763
1341,hsa-miR-4763-5p,MIR4763
1342,hsa-miR-4764-3p,MIR4764
1343,hsa-miR-4764-5p,MIR4764
1344,hsa-miR-4765,MIR4765
1345,hsa-miR-4766-3p,MIR4766
1346,hsa-miR-4766-5p,MIR4766
1347,hsa-miR-4767,MIR4767
1348,hsa-miR-4768-3p,MIR4768
1349,hsa-miR-4768-5p,MIR4768
1350,hsa-miR-4769-3p,MIR4769
1351,hsa-miR-4769-5p,MIR4769
1352,hsa-miR-4771,MIR4771
1353,hsa-miR-4772-3p,MIR4772
1354,hsa-miR-4772-5p,MIR4772
1355,hsa-miR-4773,MIR4773
1356,hsa-miR-4774-3p,MIR4774
1357,hsa-miR-4774-5p,MIR4774
1358,hsa-miR-4775,MIR4775
1359,hsa-miR-4776-3p,MIR4776
1360,hsa-miR-4776-5p,MIR4776
1361,hsa-miR-4777-3p,MIR4777
1362,hsa-miR-4777-5p,MIR4777
1363,hsa-miR-4778-3p,MIR4778
1364,hsa-miR-4778-5p,MIR4778
1365,hsa-miR-4779,MIR4779
1366,hsa-miR-4780,MIR4780
1367,hsa-miR-4781-3p,MIR4781
1368,hsa-miR-4781-5p,MIR4781
1369,hsa-miR-4782-5p,MIR4782
1370,hsa-miR-4783-3p,MIR4783
1371,hsa-miR-4783-5p,MIR4783
1372,hsa-miR-4785,MIR4785
1373,hsa-miR-4786-3p,MIR4786
1374,hsa-miR-4786-5p,MIR4786
1375,hsa-miR-4787-3p,MIR4787
1376,hsa-miR-4787-5p,MIR4787
1377,hsa-miR-4788,MIR4788
1378,hsa-miR-4789-3p,MIR4789
1379,hsa-miR-4789-5p,MIR4789
1380,hsa-miR-4790-3p,MIR4790
1381,hsa-miR-4790-5p,MIR4790
1382,hsa-miR-4791,MIR4791
1383,hsa-miR-4792,MIR4792
1384,hsa-miR-4793-3p,MIR4793
1385,hsa-miR-4793-5p,MIR4793
1386,hsa-miR-4794,MIR4794
1387,hsa-miR-4795-3p,MIR4795
1388,hsa-miR-4795-5p,MIR4795
1389,hsa-miR-4796-3p,MIR4796
1390,hsa-miR-4796-5p,MIR4796
1391,hsa-miR-4797-3p,MIR4797
1392,hsa-miR-4797-5p,MIR4797
1393,hsa-miR-4798-3p,MIR4798
1394,hsa-miR-4798-5p,MIR4798
1395,hsa-miR-4799-3p,MIR4799
1396,hsa-miR-4799-5p,MIR4799
1397,hsa-miR-4800-3p,MIR4800
1398,hsa-miR-4800-5p,MIR4800
1399,hsa-miR-4801,MIR4801
1400,hsa-miR-4802-3p,MIR4802
1401,hsa-miR-4802-5p,MIR4802
1402,hsa-miR-4803,MIR4803
1403,hsa-miR-4804-3p,MIR4804
1404,hsa-miR-4804-5p,MIR4804
1405,hsa-miR-483-3p.1,MIR483.1
1406,hsa-miR-483-3p.2,MIR483.2
1407,hsa-miR-483-5p,MIR483
1408,hsa-miR-484,MIR484
1409,hsa-miR-485-3p,MIR485
1410,hsa-miR-485-5p,MIR485
1411,hsa-miR-486-3p,MIR486
1412,hsa-miR-486-5p,MIR486
1413,hsa-miR-487a-3p,MIR487a
1414,hsa-miR-487a-5p,MIR487a
1415,hsa-miR-487b-3p,MIR487b
1416,hsa-miR-487b-5p,MIR487b
1417,hsa-miR-488-3p,MIR488
1418,hsa-miR-488-5p,MIR488
1419,hsa-miR-489-3p,MIR489
1420,hsa-miR-489-5p,MIR489
1421,hsa-miR-490-3p,MIR490
1422,hsa-miR-490-5p,MIR490
1423,hsa-miR-491-3p,MIR491
1424,hsa-miR-491-5p,MIR491
1425,hsa-miR-492,MIR492
1426,hsa-miR-493-3p,MIR493
1427,hsa-miR-493-5p,MIR493
1428,hsa-miR-494-3p,MIR494
1429,hsa-miR-494-5p,MIR494
1430,hsa-miR-495-3p,MIR495
1431,hsa-miR-495-5p,MIR495
1432,hsa-miR-496.1,MIR496.1
1433,hsa-miR-496.2,MIR496.2
1434,hsa-miR-497-3p,MIR497
1435,hsa-miR-497-5p,MIR497
1436,hsa-miR-498,MIR498
1437,hsa-miR-4999-3p,MIR4999
1438,hsa-miR-4999-5p,MIR4999
1439,hsa-miR-499a-3p,MIR499a
1440,hsa-miR-499a-5p,MIR499a
1441,hsa-miR-499b-3p,MIR499b
1442,hsa-miR-499b-5p,MIR499b
1443,hsa-miR-5000-3p,MIR5000
1444,hsa-miR-5000-5p,MIR5000
1445,hsa-miR-5001-3p,MIR5001
1446,hsa-miR-5001-5p,MIR5001
1447,hsa-miR-5002-3p,MIR5002
1448,hsa-miR-5002-5p,MIR5002
1449,hsa-miR-5003-3p,MIR5003
1450,hsa-miR-5003-5p,MIR5003
1451,hsa-miR-5004-3p,MIR5004
1452,hsa-miR-5004-5p,MIR5004
1453,hsa-miR-5006-3p,MIR5006
1454,hsa-miR-5006-5p,MIR5006
1455,hsa-miR-5007-3p,MIR5007
1456,hsa-miR-5007-5p,MIR5007
1457,hsa-miR-5008-3p,MIR5008
1458,hsa-miR-5008-5p,MIR5008
1459,hsa-miR-5009-3p,MIR5009
1460,hsa-miR-5009-5p,MIR5009
1461,hsa-miR-500a-3p,MIR500a
1462,hsa-miR-500a-5p,MIR500a
1463,hsa-miR-500b-3p,MIR500b
1464,hsa-miR-501-3p,MIR501
1465,hsa-miR-501-5p,MIR501
1466,hsa-miR-5010-3p,MIR5010
1467,hsa-miR-5010-5p,MIR5010
1468,hsa-miR-5011-3p,MIR5011
1469,hsa-miR-5011-5p,MIR5011
1470,hsa-miR-502-3p,MIR502
1471,hsa-miR-502-5p,MIR502
1472,hsa-miR-503-3p,MIR503
1473,hsa-miR-503-5p,MIR503
1474,hsa-miR-504-3p,MIR504
1475,hsa-miR-504-5p.1,MIR504.1
1476,hsa-miR-505-3p.1,MIR505.1
1477,hsa-miR-505-3p.2,MIR505.2
1478,hsa-miR-505-5p,MIR505
1479,hsa-miR-506-3p,MIR506
1480,hsa-miR-506-5p,MIR506
1481,hsa-miR-507,MIR507
1482,hsa-miR-508-3p,MIR508
1483,hsa-miR-508-5p,MIR508
1484,hsa-miR-5087,MIR5087
1485,hsa-miR-5088-3p,MIR5088
1486,hsa-miR-5088-5p,MIR5088
1487,hsa-miR-5089-3p,MIR5089
1488,hsa-miR-5089-5p,MIR5089
1489,hsa-miR-509-3-5p,MIR509-3
1490,hsa-miR-509-3p,MIR509
1491,hsa-miR-509-5p,MIR509
1492,hsa-miR-5090,MIR5090
1493,hsa-miR-5091,MIR5091
1494,hsa-miR-5092,MIR5092
1495,hsa-miR-5093,MIR5093
1496,hsa-miR-5094,MIR5094
1497,hsa-miR-5095,MIR5095
1498,hsa-miR-5096,MIR5096
1499,hsa-miR-510-3p,MIR510
1500,hsa-miR-510-5p,MIR510
1501,hsa-miR-5100,MIR5100
1502,hsa-miR-511-3p,MIR511
1503,hsa-miR-511-5p,MIR511
1504,hsa-miR-512-3p,MIR512
1505,hsa-miR-512-5p,MIR512
1506,hsa-miR-513a-3p,MIR513a
1507,hsa-miR-513a-5p,MIR513a
1508,hsa-miR-513b-3p,MIR513b
1509,hsa-miR-513b-5p,MIR513b
1510,hsa-miR-513c-3p,MIR513c
1511,hsa-miR-513c-5p,MIR513c
1512,hsa-miR-514a-3p,MIR514a
1513,hsa-miR-514a-5p,MIR514a
1514,hsa-miR-514b-5p,MIR514b
1515,hsa-miR-515-3p,MIR515
1516,hsa-miR-515-5p,MIR515
1517,hsa-miR-516a-3p,MIR516a
1518,hsa-miR-516a-5p,MIR516a
1519,hsa-miR-516b-5p,MIR516b
1520,hsa-miR-517-5p,MIR517
1521,hsa-miR-517a-3p,MIR517a
1522,hsa-miR-517c-3p,MIR517c
1523,hsa-miR-5186,MIR5186
1524,hsa-miR-5187-3p,MIR5187
1525,hsa-miR-5187-5p,MIR5187
1526,hsa-miR-5188,MIR5188
1527,hsa-miR-5189-3p,MIR5189
1528,hsa-miR-5189-5p,MIR5189
1529,hsa-miR-518a-3p,MIR518a
1530,hsa-miR-518a-5p,MIR518a
1531,hsa-miR-518c-3p,MIR518c
1532,hsa-miR-518c-5p,MIR518c
1533,hsa-miR-518d-5p,MIR518d
1534,hsa-miR-518e-3p,MIR518e
1535,hsa-miR-518e-5p,MIR518e
1536,hsa-miR-5190,MIR5190
1537,hsa-miR-5191,MIR5191
1538,hsa-miR-5192,MIR5192
1539,hsa-miR-5193,MIR5193
1540,hsa-miR-5194,MIR5194
1541,hsa-miR-5195-5p,MIR5195
1542,hsa-miR-5196-3p,MIR5196
1543,hsa-miR-5196-5p,MIR5196
1544,hsa-miR-5197-3p,MIR5197
1545,hsa-miR-5197-5p,MIR5197
1546,hsa-miR-519a-3p,MIR519a
1547,hsa-miR-519c-3p,MIR519c
1548,hsa-miR-519d-3p,MIR519d
1549,hsa-miR-519d-5p,MIR519d
1550,hsa-miR-519e-3p,MIR519e
1551,hsa-miR-519e-5p,MIR519e
1552,hsa-miR-520a-3p,MIR520a
1553,hsa-miR-520b,MIR520b
1554,hsa-miR-520c-3p,MIR520c
1555,hsa-miR-520d-3p,MIR520d
1556,hsa-miR-520e,MIR520e
1557,hsa-miR-520f-3p,MIR520f
1558,hsa-miR-520f-5p,MIR520f
1559,hsa-miR-520g-3p,MIR520g
1560,hsa-miR-520g-5p,MIR520g
1561,hsa-miR-521,MIR521
1562,hsa-miR-522-3p,MIR522
1563,hsa-miR-523-3p,MIR523
1564,hsa-miR-524-3p,MIR524
1565,hsa-miR-524-5p,MIR524
1566,hsa-miR-525-3p,MIR525
1567,hsa-miR-525-5p,MIR525
1568,hsa-miR-526b-5p,MIR526b
1569,hsa-miR-532-3p,MIR532
1570,hsa-miR-532-5p,MIR532
1571,hsa-miR-539-3p,MIR539
1572,hsa-miR-539-5p,MIR539
1573,hsa-miR-541-5p,MIR541
1574,hsa-miR-542-3p,MIR542
1575,hsa-miR-542-5p,MIR542
1576,hsa-miR-543,MIR543
1577,hsa-miR-544a,MIR544a
1578,hsa-miR-544a-3p,MIR544a
1579,hsa-miR-544b,MIR544b
1580,hsa-miR-545-3p,MIR545
1581,hsa-miR-545-5p,MIR545
1582,hsa-miR-548a-3p,MIR548a
1583,hsa-miR-548a-5p,MIR548a
1584,hsa-miR-548aa,MIR548aa
1585,hsa-miR-548ab,MIR548ab
1586,hsa-miR-548ac,MIR548ac
1587,hsa-miR-548ad-3p,MIR548ad
1588,hsa-miR-548ad-5p,MIR548ad
1589,hsa-miR-548ae-3p,MIR548ae
1590,hsa-miR-548ag,MIR548ag
1591,hsa-miR-548ah-3p,MIR548ah
1592,hsa-miR-548ah-5p,MIR548ah
1593,hsa-miR-548ai,MIR548ai
1594,hsa-miR-548aj-3p,MIR548aj
1595,hsa-miR-548aj-5p,MIR548aj
1596,hsa-miR-548ak,MIR548ak
1597,hsa-miR-548al,MIR548al
1598,hsa-miR-548am-3p,MIR548am
1599,hsa-miR-548am-5p,MIR548am
1600,hsa-miR-548an,MIR548an
1601,hsa-miR-548ao-3p,MIR548ao
1602,hsa-miR-548ao-5p,MIR548ao
1603,hsa-miR-548ap-5p,MIR548ap
1604,hsa-miR-548aq-3p,MIR548aq
1605,hsa-miR-548aq-5p,MIR548aq
1606,hsa-miR-548ar-3p,MIR548ar
1607,hsa-miR-548ar-5p,MIR548ar
1608,hsa-miR-548as-3p,MIR548as
1609,hsa-miR-548as-5p,MIR548as
1610,hsa-miR-548at-3p,MIR548at
1611,hsa-miR-548at-5p,MIR548at
1612,hsa-miR-548au-3p,MIR548au
1613,hsa-miR-548av-3p,MIR548av
1614,hsa-miR-548av-5p,MIR548av
1615,hsa-miR-548aw,MIR548aw
1616,hsa-miR-548ax,MIR548ax
1617,hsa-miR-548ay-3p,MIR548ay
1618,hsa-miR-548ay-5p,MIR548ay
1619,hsa-miR-548az-3p,MIR548az
1620,hsa-miR-548az-5p,MIR548az
1621,hsa-miR-548b-3p,MIR548b
1622,hsa-miR-548b-5p,MIR548b
1623,hsa-miR-548ba,MIR548ba
1624,hsa-miR-548bb-3p,MIR548bb
1625,hsa-miR-548bb-5p,MIR548bb
1626,hsa-miR-548c-3p,MIR548c
1627,hsa-miR-548d-3p,MIR548d
1628,hsa-miR-548d-5p,MIR548d
1629,hsa-miR-548e-3p,MIR548e
1630,hsa-miR-548e-5p,MIR548e
1631,hsa-miR-548f-3p,MIR548f
1632,hsa-miR-548f-5p,MIR548f
1633,hsa-miR-548g-3p,MIR548g
1634,hsa-miR-548h-3p,MIR548h
1635,hsa-miR-548h-5p,MIR548h
1636,hsa-miR-548i,MIR548i
1637,hsa-miR-548j-3p,MIR548j
1638,hsa-miR-548j-5p,MIR548j
1639,hsa-miR-548k,MIR548k
1640,hsa-miR-548l,MIR548l
1641,hsa-miR-548m,MIR548m
1642,hsa-miR-548n,MIR548n
1643,hsa-miR-548p,MIR548p
1644,hsa-miR-548q,MIR548q
1645,hsa-miR-548s,MIR548s
1646,hsa-miR-548t-5p,MIR548t
1647,hsa-miR-548u,MIR548u
1648,hsa-miR-548v,MIR548v
1649,hsa-miR-548w,MIR548w
1650,hsa-miR-548x-3p,MIR548x
1651,hsa-miR-548y,MIR548y
1652,hsa-miR-549a,MIR549a
1653,hsa-miR-550a-3-5p,MIR550a-3
1654,hsa-miR-550a-3p,MIR550a
1655,hsa-miR-550a-5p,MIR550a
1656,hsa-miR-550b-2-5p,MIR550b-2
1657,hsa-miR-550b-3p,MIR550b
1658,hsa-miR-551a,MIR551a
1659,hsa-miR-551b-3p,MIR551b
1660,hsa-miR-551b-5p,MIR551b
1661,hsa-miR-552-3p,MIR552
1662,hsa-miR-552-5p,MIR552
1663,hsa-miR-553,MIR553
1664,hsa-miR-554,MIR554
1665,hsa-miR-555,MIR555
1666,hsa-miR-556-3p,MIR556
1667,hsa-miR-556-5p,MIR556
1668,hsa-miR-557,MIR557
1669,hsa-miR-5571-3p,MIR5571
1670,hsa-miR-5571-5p,MIR5571
1671,hsa-miR-5572,MIR5572
1672,hsa-miR-5579-3p,MIR5579
1673,hsa-miR-5579-5p,MIR5579
1674,hsa-miR-558,MIR558
1675,hsa-miR-5580-3p,MIR5580
1676,hsa-miR-5580-5p,MIR5580
1677,hsa-miR-5581-3p,MIR5581
1678,hsa-miR-5581-5p,MIR5581
1679,hsa-miR-5582-3p,MIR5582
1680,hsa-miR-5582-5p,MIR5582
1681,hsa-miR-5583-3p,MIR5583
1682,hsa-miR-5583-5p,MIR5583
1683,hsa-miR-5584-3p,MIR5584
1684,hsa-miR-5584-5p,MIR5584
1685,hsa-miR-5585-3p,MIR5585
1686,hsa-miR-5585-5p,MIR5585
1687,hsa-miR-5586-3p,MIR5586
1688,hsa-miR-5586-5p,MIR5586
1689,hsa-miR-5587-3p,MIR5587
1690,hsa-miR-5587-5p,MIR5587
1691,hsa-miR-5588-3p,MIR5588
1692,hsa-miR-5588-5p,MIR5588
1693,hsa-miR-5589-3p,MIR5589
1694,hsa-miR-5589-5p,MIR5589
1695,hsa-miR-559,MIR559
1696,hsa-miR-5590-5p,MIR5590
1697,hsa-miR-5591-3p,MIR5591
1698,hsa-miR-5591-5p,MIR5591
1699,hsa-miR-561-3p,MIR561
1700,hsa-miR-561-5p,MIR561
1701,hsa-miR-562,MIR562
1702,hsa-miR-563,MIR563
1703,hsa-miR-564,MIR564
1704,hsa-miR-566,MIR566
1705,hsa-miR-567,MIR567
1706,hsa-miR-568,MIR568
1707,hsa-miR-5680,MIR5680
1708,hsa-miR-5681a,MIR5681a
1709,hsa-miR-5681b,MIR5681b
1710,hsa-miR-5682,MIR5682
1711,hsa-miR-5683,MIR5683
1712,hsa-miR-5684,MIR5684
1713,hsa-miR-5685,MIR5685
1714,hsa-miR-5687,MIR5687
1715,hsa-miR-5689,MIR5689
1716,hsa-miR-569,MIR569
1717,hsa-miR-5690,MIR5690
1718,hsa-miR-5691,MIR5691
1719,hsa-miR-5692a,MIR5692a
1720,hsa-miR-5692b,MIR5692b
1721,hsa-miR-5692c,MIR5692c
1722,hsa-miR-5693,MIR5693
1723,hsa-miR-5694,MIR5694
1724,hsa-miR-5695,MIR5695
1725,hsa-miR-5696,MIR5696
1726,hsa-miR-5697,MIR5697
1727,hsa-miR-5698,MIR5698
1728,hsa-miR-5699-3p,MIR5699
1729,hsa-miR-5699-5p,MIR5699
1730,hsa-miR-570-3p,MIR570
1731,hsa-miR-5700,MIR5700
1732,hsa-miR-5701,MIR5701
1733,hsa-miR-5702,MIR5702
1734,hsa-miR-5703,MIR5703
1735,hsa-miR-5704,MIR5704
1736,hsa-miR-5705,MIR5705
1737,hsa-miR-5706,MIR5706
1738,hsa-miR-5707,MIR5707
1739,hsa-miR-5708,MIR5708
1740,hsa-miR-571,MIR571
1741,hsa-miR-572,MIR572
1742,hsa-miR-573,MIR573
1743,hsa-miR-5739,MIR5739
1744,hsa-miR-574-3p,MIR574
1745,hsa-miR-574-5p,MIR574
1746,hsa-miR-575,MIR575
1747,hsa-miR-576-3p,MIR576
1748,hsa-miR-576-5p,MIR576
1749,hsa-miR-577,MIR577
1750,hsa-miR-578,MIR578
1751,hsa-miR-5787,MIR5787
1752,hsa-miR-579-3p,MIR579
1753,hsa-miR-579-5p,MIR579
1754,hsa-miR-580-3p,MIR580
1755,hsa-miR-580-5p,MIR580
1756,hsa-miR-581,MIR581
1757,hsa-miR-582-3p,MIR582
1758,hsa-miR-582-5p,MIR582
1759,hsa-miR-583,MIR583
1760,hsa-miR-584-3p,MIR584
1761,hsa-miR-584-5p,MIR584
1762,hsa-miR-585-3p,MIR585
1763,hsa-miR-585-5p,MIR585
1764,hsa-miR-586,MIR586
1765,hsa-miR-587,MIR587
1766,hsa-miR-588,MIR588
1767,hsa-miR-589-3p,MIR589
1768,hsa-miR-589-5p,MIR589
1769,hsa-miR-590-3p,MIR590
1770,hsa-miR-590-5p,MIR590
1771,hsa-miR-591,MIR591
1772,hsa-miR-592,MIR592
1773,hsa-miR-593-3p,MIR593
1774,hsa-miR-593-5p,MIR593
1775,hsa-miR-595,MIR595
1776,hsa-miR-596,MIR596
1777,hsa-miR-597-3p,MIR597
1778,hsa-miR-597-5p,MIR597
1779,hsa-miR-598-3p,MIR598
1780,hsa-miR-598-5p,MIR598
1781,hsa-miR-599,MIR599
1782,hsa-miR-600,MIR600
1783,hsa-miR-601,MIR601
1784,hsa-miR-602,MIR602
1785,hsa-miR-603,MIR603
1786,hsa-miR-604,MIR604
1787,hsa-miR-605-3p,MIR605
1788,hsa-miR-605-5p,MIR605
1789,hsa-miR-606,MIR606
1790,hsa-miR-6068,MIR6068
1791,hsa-miR-6069,MIR6069
1792,hsa-miR-607,MIR607
1793,hsa-miR-6070,MIR6070
1794,hsa-miR-6071,MIR6071
1795,hsa-miR-6072,MIR6072
1796,hsa-miR-6073,MIR6073
1797,hsa-miR-6074,MIR6074
1798,hsa-miR-6075,MIR6075
1799,hsa-miR-6076,MIR6076
1800,hsa-miR-6077,MIR6077
1801,hsa-miR-6078,MIR6078
1802,hsa-miR-6079,MIR6079
1803,hsa-miR-608,MIR608
1804,hsa-miR-6080,MIR6080
1805,hsa-miR-6081,MIR6081
1806,hsa-miR-6082,MIR6082
1807,hsa-miR-6083,MIR6083
1808,hsa-miR-6084,MIR6084
1809,hsa-miR-6085,MIR6085
1810,hsa-miR-6086,MIR6086
1811,hsa-miR-6087,MIR6087
1812,hsa-miR-6089,MIR6089
1813,hsa-miR-609,MIR609
1814,hsa-miR-6090,MIR6090
1815,hsa-miR-610,MIR610
1816,hsa-miR-611,MIR611
1817,hsa-miR-612,MIR612
1818,hsa-miR-6124,MIR6124
1819,hsa-miR-6125,MIR6125
1820,hsa-miR-6126,MIR6126
1821,hsa-miR-6127,MIR6127
1822,hsa-miR-6128,MIR6128
1823,hsa-miR-6129,MIR6129
1824,hsa-miR-6130,MIR6130
1825,hsa-miR-6131,MIR6131
1826,hsa-miR-6132,MIR6132
1827,hsa-miR-6133,MIR6133
1828,hsa-miR-6134,MIR6134
1829,hsa-miR-614,MIR614
1830,hsa-miR-615-3p,MIR615
1831,hsa-miR-615-5p,MIR615
1832,hsa-miR-616-3p,MIR616
1833,hsa-miR-616-5p,MIR616
1834,hsa-miR-6165,MIR6165
1835,hsa-miR-617,MIR617
1836,hsa-miR-618,MIR618
1837,hsa-miR-619-3p,MIR619
1838,hsa-miR-619-5p,MIR619
1839,hsa-miR-621,MIR621
1840,hsa-miR-622,MIR622
1841,hsa-miR-623,MIR623
1842,hsa-miR-624-3p,MIR624
1843,hsa-miR-624-5p,MIR624
1844,hsa-miR-625-3p,MIR625
1845,hsa-miR-625-5p,MIR625
1846,hsa-miR-626,MIR626
1847,hsa-miR-627-3p,MIR627
1848,hsa-miR-627-5p,MIR627
1849,hsa-miR-628-3p,MIR628
1850,hsa-miR-628-5p,MIR628
1851,hsa-miR-629-3p,MIR629
1852,hsa-miR-629-5p,MIR629
1853,hsa-miR-630,MIR630
1854,hsa-miR-631,MIR631
1855,hsa-miR-632,MIR632
1856,hsa-miR-633,MIR633
1857,hsa-miR-634,MIR634
1858,hsa-miR-635,MIR635
1859,hsa-miR-636,MIR636
1860,hsa-miR-637,MIR637
1861,hsa-miR-638,MIR638
1862,hsa-miR-639,MIR639
1863,hsa-miR-640,MIR640
1864,hsa-miR-641,MIR641
1865,hsa-miR-642a-3p,MIR642a
1866,hsa-miR-642a-5p,MIR642a
1867,hsa-miR-642b-3p,MIR642b
1868,hsa-miR-642b-5p,MIR642b
1869,hsa-miR-643,MIR643
1870,hsa-miR-644a,MIR644a
1871,hsa-miR-645,MIR645
1872,hsa-miR-646,MIR646
1873,hsa-miR-647,MIR647
1874,hsa-miR-648,MIR648
1875,hsa-miR-649,MIR649
1876,hsa-miR-6499-3p,MIR6499
1877,hsa-miR-6499-5p,MIR6499
1878,hsa-miR-6500-3p,MIR6500
1879,hsa-miR-6500-5p,MIR6500
1880,hsa-miR-6501-3p,MIR6501
1881,hsa-miR-6501-5p,MIR6501
1882,hsa-miR-6502-3p,MIR6502
1883,hsa-miR-6502-5p,MIR6502
1884,hsa-miR-6503-3p,MIR6503
1885,hsa-miR-6503-5p,MIR6503
1886,hsa-miR-6504-3p,MIR6504
1887,hsa-miR-6505-3p,MIR6505
1888,hsa-miR-6505-5p,MIR6505
1889,hsa-miR-6506-3p,MIR6506
1890,hsa-miR-6506-5p,MIR6506
1891,hsa-miR-6507-3p,MIR6507
1892,hsa-miR-6507-5p,MIR6507
1893,hsa-miR-6508-3p,MIR6508
1894,hsa-miR-6508-5p,MIR6508
1895,hsa-miR-6509-3p,MIR6509
1896,hsa-miR-6509-5p,MIR6509
1897,hsa-miR-651-3p,MIR651
1898,hsa-miR-651-5p,MIR651
1899,hsa-miR-6510-3p,MIR6510
1900,hsa-miR-6510-5p,MIR6510
1901,hsa-miR-6511a-3p,MIR6511a
1902,hsa-miR-6511a-5p,MIR6511a
1903,hsa-miR-6511b-3p,MIR6511b
1904,hsa-miR-6511b-5p,MIR6511b
1905,hsa-miR-6512-5p,MIR6512
1906,hsa-miR-6513-3p,MIR6513
1907,hsa-miR-6513-5p,MIR6513
1908,hsa-miR-6514-3p,MIR6514
1909,hsa-miR-6514-5p,MIR6514
1910,hsa-miR-6515-3p,MIR6515
1911,hsa-miR-6515-5p,MIR6515
1912,hsa-miR-6516-3p,MIR6516
1913,hsa-miR-6516-5p,MIR6516
1914,hsa-miR-652-3p,MIR652
1915,hsa-miR-652-5p,MIR652
1916,hsa-miR-653-3p,MIR653
1917,hsa-miR-653-5p,MIR653
1918,hsa-miR-654-3p,MIR654
1919,hsa-miR-654-5p,MIR654
1920,hsa-miR-655-3p,MIR655
1921,hsa-miR-655-5p,MIR655
1922,hsa-miR-656-3p,MIR656
1923,hsa-miR-656-5p,MIR656
1924,hsa-miR-657,MIR657
1925,hsa-miR-658,MIR658
1926,hsa-miR-659-3p,MIR659
1927,hsa-miR-659-5p,MIR659
1928,hsa-miR-660-3p,MIR660
1929,hsa-miR-660-5p,MIR660
1930,hsa-miR-661,MIR661
1931,hsa-miR-662,MIR662
1932,hsa-miR-663b,MIR663b
1933,hsa-miR-664a-3p,MIR664a
1934,hsa-miR-664a-5p,MIR664a
1935,hsa-miR-664b-5p,MIR664b
1936,hsa-miR-665,MIR665
1937,hsa-miR-668-3p,MIR668
1938,hsa-miR-668-5p,MIR668
1939,hsa-miR-670-3p,MIR670
1940,hsa-miR-670-5p,MIR670
1941,hsa-miR-671-3p,MIR671
1942,hsa-miR-671-5p,MIR671
1943,hsa-miR-6715a-3p,MIR6715a
1944,hsa-miR-6715b-3p,MIR6715b
1945,hsa-miR-6715b-5p,MIR6715b
1946,hsa-miR-6716-3p,MIR6716
1947,hsa-miR-6716-5p,MIR6716
1948,hsa-miR-6717-5p,MIR6717
1949,hsa-miR-6718-5p,MIR6718
1950,hsa-miR-6719-3p,MIR6719
1951,hsa-miR-6720-3p,MIR6720
1952,hsa-miR-6720-5p,MIR6720
1953,hsa-miR-6721-5p,MIR6721
1954,hsa-miR-6722-3p,MIR6722
1955,hsa-miR-6722-5p,MIR6722
1956,hsa-miR-6723-5p,MIR6723
1957,hsa-miR-6724-5p,MIR6724
1958,hsa-miR-6726-3p,MIR6726
1959,hsa-miR-6726-5p,MIR6726
1960,hsa-miR-6727-3p,MIR6727
1961,hsa-miR-6727-5p,MIR6727
1962,hsa-miR-6728-3p,MIR6728
1963,hsa-miR-6728-5p,MIR6728
1964,hsa-miR-6729-3p,MIR6729
1965,hsa-miR-6729-5p,MIR6729
1966,hsa-miR-6730-3p,MIR6730
1967,hsa-miR-6730-5p,MIR6730
1968,hsa-miR-6731-3p,MIR6731
1969,hsa-miR-6731-5p,MIR6731
1970,hsa-miR-6732-3p,MIR6732
1971,hsa-miR-6732-5p,MIR6732
1972,hsa-miR-6733-3p,MIR6733
1973,hsa-miR-6733-5p,MIR6733
1974,hsa-miR-6734-3p,MIR6734
1975,hsa-miR-6734-5p,MIR6734
1976,hsa-miR-6735-3p,MIR6735
1977,hsa-miR-6735-5p,MIR6735
1978,hsa-miR-6736-3p,MIR6736
1979,hsa-miR-6736-5p,MIR6736
1980,hsa-miR-6737-3p,MIR6737
1981,hsa-miR-6737-5p,MIR6737
1982,hsa-miR-6738-3p,MIR6738
1983,hsa-miR-6739-3p,MIR6739
1984,hsa-miR-6739-5p,MIR6739
1985,hsa-miR-6740-3p,MIR6740
1986,hsa-miR-6740-5p,MIR6740
1987,hsa-miR-6741-3p,MIR6741
1988,hsa-miR-6741-5p,MIR6741
1989,hsa-miR-6742-3p,MIR6742
1990,hsa-miR-6742-5p,MIR6742
1991,hsa-miR-6743-3p,MIR6743
1992,hsa-miR-6743-5p,MIR6743
1993,hsa-miR-6744-3p,MIR6744
1994,hsa-miR-6744-5p,MIR6744
1995,hsa-miR-6745,MIR6745
1996,hsa-miR-6746-3p,MIR6746
1997,hsa-miR-6746-5p,MIR6746
1998,hsa-miR-6747-3p,MIR6747
1999,hsa-miR-6747-5p,MIR6747
2000,hsa-miR-6748-3p,MIR6748
2001,hsa-miR-6748-5p,MIR6748
2002,hsa-miR-6749-3p,MIR6749
2003,hsa-miR-6749-5p,MIR6749
2004,hsa-miR-675-3p,MIR675
2005,hsa-miR-675-5p,MIR675
2006,hsa-miR-6750-3p,MIR6750
2007,hsa-miR-6750-5p,MIR6750
2008,hsa-miR-6751-3p,MIR6751
2009,hsa-miR-6751-5p,MIR6751
2010,hsa-miR-6752-3p,MIR6752
2011,hsa-miR-6752-5p,MIR6752
2012,hsa-miR-6753-3p,MIR6753
2013,hsa-miR-6753-5p,MIR6753
2014,hsa-miR-6754-3p,MIR6754
2015,hsa-miR-6754-5p,MIR6754
2016,hsa-miR-6755-3p,MIR6755
2017,hsa-miR-6755-5p,MIR6755
2018,hsa-miR-6756-3p,MIR6756
2019,hsa-miR-6756-5p,MIR6756
2020,hsa-miR-6757-3p,MIR6757
2021,hsa-miR-6757-5p,MIR6757
2022,hsa-miR-6758-3p,MIR6758
2023,hsa-miR-6758-5p,MIR6758
2024,hsa-miR-6759-3p,MIR6759
2025,hsa-miR-6759-5p,MIR6759
2026,hsa-miR-676-3p,MIR676
2027,hsa-miR-676-5p,MIR676
2028,hsa-miR-6760-3p,MIR6760
2029,hsa-miR-6760-5p,MIR6760
2030,hsa-miR-6761-3p,MIR6761
2031,hsa-miR-6761-5p,MIR6761
2032,hsa-miR-6762-3p,MIR6762
2033,hsa-miR-6762-5p,MIR6762
2034,hsa-miR-6763-3p,MIR6763
2035,hsa-miR-6764-3p,MIR6764
2036,hsa-miR-6764-5p,MIR6764
2037,hsa-miR-6765-3p,MIR6765
2038,hsa-miR-6765-5p,MIR6765
2039,hsa-miR-6766-5p,MIR6766
2040,hsa-miR-6767-3p,MIR6767
2041,hsa-miR-6767-5p,MIR6767
2042,hsa-miR-6768-3p,MIR6768
2043,hsa-miR-6768-5p,MIR6768
2044,hsa-miR-6769a-3p,MIR6769a
2045,hsa-miR-6769a-5p,MIR6769a
2046,hsa-miR-6769b-3p,MIR6769b
2047,hsa-miR-6769b-5p,MIR6769b
2048,hsa-miR-6770-3p,MIR6770
2049,hsa-miR-6770-5p,MIR6770
2050,hsa-miR-6771-3p,MIR6771
2051,hsa-miR-6771-5p,MIR6771
2052,hsa-miR-6772-3p,MIR6772
2053,hsa-miR-6772-5p,MIR6772
2054,hsa-miR-6773-3p,MIR6773
2055,hsa-miR-6773-5p,MIR6773
2056,hsa-miR-6774-3p,MIR6774
2057,hsa-miR-6774-5p,MIR6774
2058,hsa-miR-6775-3p,MIR6775
2059,hsa-miR-6775-5p,MIR6775
2060,hsa-miR-6776-3p,MIR6776
2061,hsa-miR-6776-5p,MIR6776
2062,hsa-miR-6777-3p,MIR6777
2063,hsa-miR-6777-5p,MIR6777
2064,hsa-miR-6778-3p,MIR6778
2065,hsa-miR-6778-5p,MIR6778
2066,hsa-miR-6779-3p,MIR6779
2067,hsa-miR-6779-5p,MIR6779
2068,hsa-miR-6780a-3p,MIR6780a
2069,hsa-miR-6780a-5p,MIR6780a
2070,hsa-miR-6780b-3p,MIR6780b
2071,hsa-miR-6780b-5p,MIR6780b
2072,hsa-miR-6781-3p,MIR6781
2073,hsa-miR-6781-5p,MIR6781
2074,hsa-miR-6782-3p,MIR6782
2075,hsa-miR-6782-5p,MIR6782
2076,hsa-miR-6783-5p,MIR6783
2077,hsa-miR-6784-3p,MIR6784
2078,hsa-miR-6784-5p,MIR6784
2079,hsa-miR-6785-3p,MIR6785
2080,hsa-miR-6785-5p,MIR6785
2081,hsa-miR-6786-3p,MIR6786
2082,hsa-miR-6786-5p,MIR6786
2083,hsa-miR-6787-3p,MIR6787
2084,hsa-miR-6788-3p,MIR6788
2085,hsa-miR-6788-5p,MIR6788
2086,hsa-miR-6789-3p,MIR6789
2087,hsa-miR-6789-5p,MIR6789
2088,hsa-miR-6790-3p,MIR6790
2089,hsa-miR-6790-5p,MIR6790
2090,hsa-miR-6791-3p,MIR6791
2091,hsa-miR-6791-5p,MIR6791
2092,hsa-miR-6792-3p,MIR6792
2093,hsa-miR-6792-5p,MIR6792
2094,hsa-miR-6793-3p,MIR6793
2095,hsa-miR-6793-5p,MIR6793
2096,hsa-miR-6794-3p,MIR6794
2097,hsa-miR-6794-5p,MIR6794
2098,hsa-miR-6795-3p,MIR6795
2099,hsa-miR-6795-5p,MIR6795
2100,hsa-miR-6796-3p,MIR6796
2101,hsa-miR-6796-5p,MIR6796
2102,hsa-miR-6797-3p,MIR6797
2103,hsa-miR-6797-5p,MIR6797
2104,hsa-miR-6798-3p,MIR6798
2105,hsa-miR-6798-5p,MIR6798
2106,hsa-miR-6799-5p,MIR6799
2107,hsa-miR-6800-3p,MIR6800
2108,hsa-miR-6800-5p,MIR6800
2109,hsa-miR-6801-3p,MIR6801
2110,hsa-miR-6801-5p,MIR6801
2111,hsa-miR-6802-3p,MIR6802
2112,hsa-miR-6802-5p,MIR6802
2113,hsa-miR-6803-3p,MIR6803
2114,hsa-miR-6803-5p,MIR6803
2115,hsa-miR-6804-3p,MIR6804
2116,hsa-miR-6804-5p,MIR6804
2117,hsa-miR-6805-5p,MIR6805
2118,hsa-miR-6806-3p,MIR6806
2119,hsa-miR-6806-5p,MIR6806
2120,hsa-miR-6807-5p,MIR6807
2121,hsa-miR-6808-3p,MIR6808
2122,hsa-miR-6808-5p,MIR6808
2123,hsa-miR-6809-3p,MIR6809
2124,hsa-miR-6809-5p,MIR6809
2125,hsa-miR-6810-3p,MIR6810
2126,hsa-miR-6810-5p,MIR6810
2127,hsa-miR-6811-3p,MIR6811
2128,hsa-miR-6811-5p,MIR6811
2129,hsa-miR-6812-3p,MIR6812
2130,hsa-miR-6812-5p,MIR6812
2131,hsa-miR-6813-3p,MIR6813
2132,hsa-miR-6813-5p,MIR6813
2133,hsa-miR-6814-3p,MIR6814
2134,hsa-miR-6814-5p,MIR6814
2135,hsa-miR-6815-3p,MIR6815
2136,hsa-miR-6815-5p,MIR6815
2137,hsa-miR-6816-3p,MIR6816
2138,hsa-miR-6817-3p,MIR6817
2139,hsa-miR-6817-5p,MIR6817
2140,hsa-miR-6818-3p,MIR6818
2141,hsa-miR-6818-5p,MIR6818
2142,hsa-miR-6819-3p,MIR6819
2143,hsa-miR-6819-5p,MIR6819
2144,hsa-miR-6820-5p,MIR6820
2145,hsa-miR-6821-3p,MIR6821
2146,hsa-miR-6821-5p,MIR6821
2147,hsa-miR-6822-3p,MIR6822
2148,hsa-miR-6822-5p,MIR6822
2149,hsa-miR-6823-5p,MIR6823
2150,hsa-miR-6824-3p,MIR6824
2151,hsa-miR-6824-5p,MIR6824
2152,hsa-miR-6825-3p,MIR6825
2153,hsa-miR-6825-5p,MIR6825
2154,hsa-miR-6826-3p,MIR6826
2155,hsa-miR-6826-5p,MIR6826
2156,hsa-miR-6827-3p,MIR6827
2157,hsa-miR-6827-5p,MIR6827
2158,hsa-miR-6828-3p,MIR6828
2159,hsa-miR-6828-5p,MIR6828
2160,hsa-miR-6829-3p,MIR6829
2161,hsa-miR-6829-5p,MIR6829
2162,hsa-miR-6830-3p,MIR6830
2163,hsa-miR-6830-5p,MIR6830
2164,hsa-miR-6831-3p,MIR6831
2165,hsa-miR-6831-5p,MIR6831
2166,hsa-miR-6832-3p,MIR6832
2167,hsa-miR-6832-5p,MIR6832
2168,hsa-miR-6833-3p,MIR6833
2169,hsa-miR-6833-5p,MIR6833
2170,hsa-miR-6834-3p,MIR6834
2171,hsa-miR-6834-5p,MIR6834
2172,hsa-miR-6835-3p,MIR6835
2173,hsa-miR-6835-5p,MIR6835
2174,hsa-miR-6836-3p,MIR6836
2175,hsa-miR-6836-5p,MIR6836
2176,hsa-miR-6837-3p,MIR6837
2177,hsa-miR-6837-5p,MIR6837
2178,hsa-miR-6838-3p,MIR6838
2179,hsa-miR-6839-3p,MIR6839
2180,hsa-miR-6839-5p,MIR6839
2181,hsa-miR-6840-3p,MIR6840
2182,hsa-miR-6840-5p,MIR6840
2183,hsa-miR-6841-3p,MIR6841
2184,hsa-miR-6841-5p,MIR6841
2185,hsa-miR-6842-3p,MIR6842
2186,hsa-miR-6842-5p,MIR6842
2187,hsa-miR-6843-3p,MIR6843
2188,hsa-miR-6844,MIR6844
2189,hsa-miR-6845-3p,MIR6845
2190,hsa-miR-6845-5p,MIR6845
2191,hsa-miR-6846-3p,MIR6846
2192,hsa-miR-6846-5p,MIR6846
2193,hsa-miR-6847-3p,MIR6847
2194,hsa-miR-6847-5p,MIR6847
2195,hsa-miR-6848-3p,MIR6848
2196,hsa-miR-6848-5p,MIR6848
2197,hsa-miR-6849-3p,MIR6849
2198,hsa-miR-6850-3p,MIR6850
2199,hsa-miR-6850-5p,MIR6850
2200,hsa-miR-6851-3p,MIR6851
2201,hsa-miR-6851-5p,MIR6851
2202,hsa-miR-6852-5p,MIR6852
2203,hsa-miR-6853-3p,MIR6853
2204,hsa-miR-6853-5p,MIR6853
2205,hsa-miR-6854-3p,MIR6854
2206,hsa-miR-6854-5p,MIR6854
2207,hsa-miR-6855-3p,MIR6855
2208,hsa-miR-6855-5p,MIR6855
2209,hsa-miR-6856-3p,MIR6856
2210,hsa-miR-6856-5p,MIR6856
2211,hsa-miR-6857-3p,MIR6857
2212,hsa-miR-6857-5p,MIR6857
2213,hsa-miR-6858-3p,MIR6858
2214,hsa-miR-6858-5p,MIR6858
2215,hsa-miR-6859-3p,MIR6859
2216,hsa-miR-6859-5p,MIR6859
2217,hsa-miR-6860,MIR6860
2218,hsa-miR-6861-3p,MIR6861
2219,hsa-miR-6861-5p,MIR6861
2220,hsa-miR-6862-3p,MIR6862
2221,hsa-miR-6862-5p,MIR6862
2222,hsa-miR-6863,MIR6863
2223,hsa-miR-6864-3p,MIR6864
2224,hsa-miR-6864-5p,MIR6864
2225,hsa-miR-6865-3p,MIR6865
2226,hsa-miR-6865-5p,MIR6865
2227,hsa-miR-6866-5p,MIR6866
2228,hsa-miR-6867-3p,MIR6867
2229,hsa-miR-6867-5p,MIR6867
2230,hsa-miR-6868-3p,MIR6868
2231,hsa-miR-6868-5p,MIR6868
2232,hsa-miR-6869-3p,MIR6869
2233,hsa-miR-6869-5p,MIR6869
2234,hsa-miR-6870-3p,MIR6870
2235,hsa-miR-6870-5p,MIR6870
2236,hsa-miR-6871-3p,MIR6871
2237,hsa-miR-6871-5p,MIR6871
2238,hsa-miR-6872-3p,MIR6872
2239,hsa-miR-6872-5p,MIR6872
2240,hsa-miR-6873-3p,MIR6873
2241,hsa-miR-6873-5p,MIR6873
2242,hsa-miR-6874-3p,MIR6874
2243,hsa-miR-6874-5p,MIR6874
2244,hsa-miR-6875-3p,MIR6875
2245,hsa-miR-6876-3p,MIR6876
2246,hsa-miR-6876-5p,MIR6876
2247,hsa-miR-6877-3p,MIR6877
2248,hsa-miR-6877-5p,MIR6877
2249,hsa-miR-6878-3p,MIR6878
2250,hsa-miR-6878-5p,MIR6878
2251,hsa-miR-6879-3p,MIR6879
2252,hsa-miR-6879-5p,MIR6879
2253,hsa-miR-6880-3p,MIR6880
2254,hsa-miR-6880-5p,MIR6880
2255,hsa-miR-6881-3p,MIR6881
2256,hsa-miR-6881-5p,MIR6881
2257,hsa-miR-6882-3p,MIR6882
2258,hsa-miR-6882-5p,MIR6882
2259,hsa-miR-6883-3p,MIR6883
2260,hsa-miR-6883-5p,MIR6883
2261,hsa-miR-6884-3p,MIR6884
2262,hsa-miR-6885-3p,MIR6885
2263,hsa-miR-6885-5p,MIR6885
2264,hsa-miR-6886-3p,MIR6886
2265,hsa-miR-6886-5p,MIR6886
2266,hsa-miR-6887-3p,MIR6887
2267,hsa-miR-6887-5p,MIR6887
2268,hsa-miR-6888-3p,MIR6888
2269,hsa-miR-6888-5p,MIR6888
2270,hsa-miR-6889-3p,MIR6889
2271,hsa-miR-6889-5p,MIR6889
2272,hsa-miR-6890-3p,MIR6890
2273,hsa-miR-6890-5p,MIR6890
2274,hsa-miR-6891-3p,MIR6891
2275,hsa-miR-6891-5p,MIR6891
2276,hsa-miR-6892-3p,MIR6892
2277,hsa-miR-6892-5p,MIR6892
2278,hsa-miR-6893-5p,MIR6893
2279,hsa-miR-6894-3p,MIR6894
2280,hsa-miR-6894-5p,MIR6894
2281,hsa-miR-6895-3p,MIR6895
2282,hsa-miR-6895-5p,MIR6895
2283,hsa-miR-7-1-3p,MIR7-1
2284,hsa-miR-7-2-3p,MIR7-2
2285,hsa-miR-7-5p,MIR7
2286,hsa-miR-708-3p,MIR708
2287,hsa-miR-708-5p,MIR708
2288,hsa-miR-7106-3p,MIR7106
2289,hsa-miR-7106-5p,MIR7106
2290,hsa-miR-7107-3p,MIR7107
2291,hsa-miR-7107-5p,MIR7107
2292,hsa-miR-7108-3p,MIR7108
2293,hsa-miR-7108-5p,MIR7108
2294,hsa-miR-7109-3p,MIR7109
2295,hsa-miR-7109-5p,MIR7109
2296,hsa-miR-711,MIR711
2297,hsa-miR-7110-3p,MIR7110
2298,hsa-miR-7110-5p,MIR7110
2299,hsa-miR-7111-3p,MIR7111
2300,hsa-miR-7111-5p,MIR7111
2301,hsa-miR-7112-3p,MIR7112
2302,hsa-miR-7112-5p,MIR7112
2303,hsa-miR-7113-3p,MIR7113
2304,hsa-miR-7113-5p,MIR7113
2305,hsa-miR-7114-5p,MIR7114
2306,hsa-miR-7150,MIR7150
2307,hsa-miR-7151-3p,MIR7151
2308,hsa-miR-7151-5p,MIR7151
2309,hsa-miR-7152-3p,MIR7152
2310,hsa-miR-7152-5p,MIR7152
2311,hsa-miR-7153-3p,MIR7153
2312,hsa-miR-7154-3p,MIR7154
2313,hsa-miR-7154-5p,MIR7154
2314,hsa-miR-7155-3p,MIR7155
2315,hsa-miR-7155-5p,MIR7155
2316,hsa-miR-7156-3p,MIR7156
2317,hsa-miR-7156-5p,MIR7156
2318,hsa-miR-7157-3p,MIR7157
2319,hsa-miR-7157-5p,MIR7157
2320,hsa-miR-7158-3p,MIR7158
2321,hsa-miR-7158-5p,MIR7158
2322,hsa-miR-7159-3p,MIR7159
2323,hsa-miR-7159-5p,MIR7159
2324,hsa-miR-7160-3p,MIR7160
2325,hsa-miR-7160-5p,MIR7160
2326,hsa-miR-7161-3p,MIR7161
2327,hsa-miR-7161-5p,MIR7161
2328,hsa-miR-7162-3p,MIR7162
2329,hsa-miR-7162-5p,MIR7162
2330,hsa-miR-718,MIR718
2331,hsa-miR-744-3p,MIR744
2332,hsa-miR-744-5p,MIR744
2333,hsa-miR-7515,MIR7515
2334,hsa-miR-758-3p,MIR758
2335,hsa-miR-758-5p,MIR758
2336,hsa-miR-759,MIR759
2337,hsa-miR-760,MIR760
2338,hsa-miR-762,MIR762
2339,hsa-miR-764,MIR764
2340,hsa-miR-7641,MIR7641
2341,hsa-miR-765,MIR765
2342,hsa-miR-766-3p,MIR766
2343,hsa-miR-766-5p,MIR766
2344,hsa-miR-767-3p,MIR767
2345,hsa-miR-767-5p,MIR767
2346,hsa-miR-769-3p,MIR769
2347,hsa-miR-769-5p,MIR769
2348,hsa-miR-770-5p,MIR770
2349,hsa-miR-7702,MIR7702
2350,hsa-miR-7703,MIR7703
2351,hsa-miR-7704,MIR7704
2352,hsa-miR-7705,MIR7705
2353,hsa-miR-7706,MIR7706
2354,hsa-miR-7843-3p,MIR7843
2355,hsa-miR-7843-5p,MIR7843
2356,hsa-miR-7844-5p,MIR7844
2357,hsa-miR-7845-5p,MIR7845
2358,hsa-miR-7846-3p,MIR7846
2359,hsa-miR-7847-3p,MIR7847
2360,hsa-miR-7848-3p,MIR7848
2361,hsa-miR-7849-3p,MIR7849
2362,hsa-miR-7850-5p,MIR7850
2363,hsa-miR-7851-3p,MIR7851
2364,hsa-miR-7852-3p,MIR7852
2365,hsa-miR-7854-3p,MIR7854
2366,hsa-miR-7855-5p,MIR7855
2367,hsa-miR-7856-5p,MIR7856
2368,hsa-miR-7973,MIR7973
2369,hsa-miR-7974,MIR7974
2370,hsa-miR-7975,MIR7975
2371,hsa-miR-7976,MIR7976
2372,hsa-miR-7977,MIR7977
2373,hsa-miR-7978,MIR7978
2374,hsa-miR-802,MIR802
2375,hsa-miR-8052,MIR8052
2376,hsa-miR-8053,MIR8053
2377,hsa-miR-8054,MIR8054
2378,hsa-miR-8055,MIR8055
2379,hsa-miR-8056,MIR8056
2380,hsa-miR-8057,MIR8057
2381,hsa-miR-8058,MIR8058
2382,hsa-miR-8059,MIR8059
2383,hsa-miR-8060,MIR8060
2384,hsa-miR-8061,MIR8061
2385,hsa-miR-8062,MIR8062
2386,hsa-miR-8063,MIR8063
2387,hsa-miR-8064,MIR8064
2388,hsa-miR-8065,MIR8065
2389,hsa-miR-8066,MIR8066
2390,hsa-miR-8067,MIR8067
2391,hsa-miR-8068,MIR8068
2392,hsa-miR-8069,MIR8069
2393,hsa-miR-8070,MIR8070
2394,hsa-miR-8071,MIR8071
2395,hsa-miR-8072,MIR8072
2396,hsa-miR-8073,MIR8073
2397,hsa-miR-8074,MIR8074
2398,hsa-miR-8075,MIR8075
2399,hsa-miR-8076,MIR8076
2400,hsa-miR-8077,MIR8077
2401,hsa-miR-8078,MIR8078
2402,hsa-miR-8079,MIR8079
2403,hsa-miR-8080,MIR8080
2404,hsa-miR-8081,MIR8081
2405,hsa-miR-8082,MIR8082
2406,hsa-miR-8083,MIR8083
2407,hsa-miR-8084,MIR8084
2408,hsa-miR-8085,MIR8085
2409,hsa-miR-8086,MIR8086
2410,hsa-miR-8087,MIR8087
2411,hsa-miR-8088,MIR8088
2412,hsa-miR-8089,MIR8089
2413,hsa-miR-8485,MIR8485
2414,hsa-miR-873-3p,MIR873
2415,hsa-miR-873-5p.1,MIR873.1
2416,hsa-miR-873-5p.2,MIR873.2
2417,hsa-miR-874-3p,MIR874
2418,hsa-miR-874-5p,MIR874
2419,hsa-miR-875-3p,MIR875
2420,hsa-miR-875-5p,MIR875
2421,hsa-miR-876-3p,MIR876
2422,hsa-miR-876-5p,MIR876
2423,hsa-miR-877-3p,MIR877
2424,hsa-miR-877-5p,MIR877
2425,hsa-miR-885-3p,MIR885
2426,hsa-miR-885-5p,MIR885
2427,hsa-miR-887-3p,MIR887
2428,hsa-miR-887-5p,MIR887
2429,hsa-miR-888-3p,MIR888
2430,hsa-miR-888-5p,MIR888
2431,hsa-miR-889-3p,MIR889
2432,hsa-miR-889-5p,MIR889
2433,hsa-miR-890,MIR890
2434,hsa-miR-891a-3p,MIR891a
2435,hsa-miR-891a-5p,MIR891a
2436,hsa-miR-891b,MIR891b
2437,hsa-miR-892a,MIR892a
2438,hsa-miR-892b,MIR892b
2439,hsa-miR-892c-3p,MIR892c
2440,hsa-miR-892c-5p,MIR892c
2441,hsa-miR-9-3p,MIR9
2442,hsa-miR-9-5p,MIR9
2443,hsa-miR-920,MIR920
2444,hsa-miR-921,MIR921
2445,hsa-miR-922,MIR922
2446,hsa-miR-924,MIR924
2447,hsa-miR-92a-1-5p,MIR92a-1
2448,hsa-miR-92a-2-5p,MIR92a-2
2449,hsa-miR-92a-3p,MIR92a
2450,hsa-miR-92b-3p,MIR92b
2451,hsa-miR-92b-5p,MIR92b
2452,hsa-miR-93-3p,MIR93
2453,hsa-miR-93-5p,MIR93
2454,hsa-miR-933,MIR933
2455,hsa-miR-934,MIR934
2456,hsa-miR-935,MIR935
2457,hsa-miR-936,MIR936
2458,hsa-miR-937-3p,MIR937
2459,hsa-miR-937-5p,MIR937
2460,hsa-miR-938,MIR938
2461,hsa-miR-939-3p,MIR939
2462,hsa-miR-939-5p,MIR939
2463,hsa-miR-940,MIR940
2464,hsa-miR-941,MIR941
2465,hsa-miR-942-3p,MIR942
2466,hsa-miR-942-5p,MIR942
2467,hsa-miR-943,MIR943
2468,hsa-miR-944,MIR944
2469,hsa-miR-95-3p,MIR95
2470,hsa-miR-95-5p,MIR95
2471,hsa-miR-9500,MIR9500
2472,hsa-miR-96-3p,MIR96
2473,hsa-miR-96-5p,MIR96
2474,hsa-miR-98-3p,MIR98
2475,hsa-miR-98-5p,MIR98
2476,hsa-miR-99a-3p,MIR99a
2477,hsa-miR-99a-5p,MIR99a
2478,hsa-miR-99b-3p,MIR99b
2479,hsa-miR-99b-5p,MIR99b
