"genelist1","genelist2.x","genelist2.y"
"MIR186","LINC00662","ANKLE1"
"MIR186","LINC00662","BCDIN3D"
"MIR186","LINC00662","C2CD4A"
"MIR186","LINC00662","C9orf85"
"MIR186","LINC00662","CATSPER2"
"MIR186","LINC00662","EFCAB2"
"MIR186","LINC00662","FBXO27"
"MIR186","LINC00662","FGF11"
"MIR186","LINC00662","FOXE1"
"MIR186","LINC00662","GID8"
"MIR186","LINC00662","GLYAT"
"MIR186","LINC00662","GPR157"
"MIR186","LINC00662","KCNJ2"
"MIR186","LINC00662","MOB2"
"MIR186","LINC00662","MOB3B"
"MIR186","LINC00662","MSL2"
"MIR186","LINC00662","NPHP3"
"MIR186","LINC00662","P2RX7"
"MIR186","LINC00662","PABPN1"
"MIR186","LINC00662","PAN2"
"MIR186","LINC00662","PNPT1"
"MIR186","LINC00662","PODNL1"
"MIR186","LINC00662","POGK"
"MIR186","LINC00662","PYGO2"
"MIR186","LINC00662","QSOX2"
"MIR186","LINC00662","RAF1"
"MIR186","LINC00662","RBM4B"
"MIR186","LINC00662","SATB2"
"MIR186","LINC00662","SERPINB13"
"MIR186","LINC00662","SH3BP4"
"MIR186","LINC00662","SIPA1"
"MIR186","LINC00662","SOX6"
"MIR186","LINC00662","TBL3"
"MIR186","LINC00662","TECPR2"
"MIR186","LINC00662","TXNDC2"
"MIR186","LINC00662","UBN2"
"MIR186","LINC00662","WDR59"
"MIR186","LINC00662","ZCCHC8"
"MIR186","LINC00662","ZHX2"
"MIR186","LINC00662","ZNF14"
"MIR186","LINC00662","ZNF397"
"MIR186","LINC00662","CTDSP2"
"MIR186","LINC00662","CYTH2"
"MIR186","LINC00662","DNM3"
"MIR186","LINC00662","DVL3"
"MIR186","LINC00662","ZNF783"
"MIR186","LINC00662","ARHGAP17"
"MIR186","LINC00662","ARHGEF10"
"MIR186","LINC00662","CCDC117"
"MIR186","LINC00662","CEACAM6"
"MIR186","LINC00662","INTS8"
"MIR186","LINC00662","LAMA2"
"MIR186","LINC00662","MIP"
"MIR186","LINC00662","MORC2"
"MIR186","LINC00662","PGBD4"
"MIR186","LINC00662","PPP1R3A"
"MIR186","LINC00662","PTPRE"
"MIR186","LINC00662","SRGAP3"
"MIR186","LINC00662","WWC3"
"MIR186","LINC00662","ZBTB34"
"MIR186","LINC00662","ZNF563"
"MIR186","LINC00662","ZSCAN30"
"MIR186","LINC00662","CELSR1"
"MIR186","LINC00662","DDX11"
"MIR186","LINC00662","MKNK2"
"MIR186","LINC00662","RUFY1"
"MIR186","LINC00662","ZNF175"
"MIR186","LINC00662","ANKRD37"
"MIR186","LINC00662","GPR20"
"MIR186","LINC00662","COLGALT1"
"MIR186","LINC00662","NOMO3"
"MIR186","LINC00662","ZCCHC2"
"MIR186","LINC00662","RBM10"
"MIR186","LINC00662","GPAT2"
"MIR186","LINC00662","HIST2H2BE"
"MIR186","LINC00662","FBXO16"
"MIR186","LINC00662","ANKRD24"
"MIR186","LINC00662","ENGASE"
"MIR186","LINC00662","SLC5A6"
"MIR186","LINC00662","OR7C1"
"MIR186","LINC00662","CLDN15"
"MIR186","LINC00662","ZNF493"
"MIR186","LINC00662","ZNF514"
"MIR186","LINC00662","ZNF558"
"MIR186","LINC00662","ZNF692"
